Vendor Name,Number of Items,Total Price ($),Discount ($),Tax ($),Category,Time
Home Depot,14,25.04,7.25,1.75,Home Improvement,2022-12-15 05:07:42
Starbucks,16,182.23,48.75,9.59,Food Services,2021-04-19 04:15:00
Starbucks,5,379.12,70.33,23.17,Food Services,2022-12-08 14:53:57
Best Buy,20,451.57,42.02,50.37,Electronics,2022-11-30 03:33:36
KFC,11,238.71,7.21,21.63,Food Services,2022-04-20 11:45:30
KFC,7,483.47,69.19,56.56,Food Services,2021-07-22 07:55:43
Walmart,18,458.42,12.83,59.71,Retail,2022-07-06 16:05:00
KFC,1,307.89,76.49,19.28,Food Services,2022-07-22 05:22:45
Target,3,99.58,16.95,6.1,Retail,2021-04-21 16:17:16
Best Buy,15,50.15,14.94,4.84,Electronics,2022-12-26 13:16:58
Lowe's,4,154.22,13.47,8.79,Home Improvement,2021-09-16 10:55:08
Best Buy,7,482.1,87.24,42.95,Electronics,2021-12-12 15:11:48
Costco,20,399.98,38.04,26.86,Retail,2021-05-23 19:33:41
McDonalds,6,21.32,6.28,1.14,Food Services,2021-02-23 15:50:32
Costco,5,439.0,121.61,42.61,Retail,2022-11-29 15:09:37
Burger King,18,343.33,86.3,26.33,Food Services,2022-02-10 06:52:20
McDonalds,7,448.04,79.28,53.46,Food Services,2022-03-27 06:17:53
Starbucks,15,248.86,47.87,24.12,Food Services,2022-09-09 04:39:05
Target,3,165.54,5.73,17.37,Retail,2021-09-18 09:53:40
McDonalds,8,13.02,1.06,1.44,Food Services,2021-10-16 23:42:16
Ross,11,215.93,4.03,27.19,Retail,2022-10-27 08:22:09
Burger King,8,27.39,4.72,3.2,Food Services,2022-02-19 22:10:18
Subway,3,18.21,3.47,1.63,Food Services,2022-03-24 08:32:28
Costco,13,50.31,12.59,2.32,Retail,2022-04-16 07:24:57
Walmart,7,480.71,26.68,28.33,Retail,2021-06-13 13:25:50
Burger King,2,468.8,3.2,43.1,Food Services,2021-03-20 20:06:04
Starbucks,3,114.31,22.19,7.83,Food Services,2021-05-21 01:22:09
Walmart,17,236.23,42.27,23.26,Retail,2021-10-31 21:55:01
McDonalds,9,182.48,40.05,19.06,Food Services,2022-12-15 09:44:47
Subway,6,350.36,21.38,41.69,Food Services,2022-09-05 13:28:10
KFC,6,423.49,43.49,28.53,Food Services,2022-04-09 12:59:52
Lowe's,6,11.54,2.36,1.29,Home Improvement,2022-11-11 11:32:29
Best Buy,10,326.22,38.03,33.36,Electronics,2021-04-30 03:49:16
Best Buy,1,231.69,5.5,28.03,Electronics,2022-02-27 18:51:03
Starbucks,5,123.86,35.42,7.54,Food Services,2021-08-12 14:25:59
KFC,12,297.19,79.52,29.47,Food Services,2021-04-13 19:04:34
Burger King,10,197.07,24.5,19.86,Food Services,2021-01-02 04:24:48
Subway,7,350.8,16.85,24.15,Food Services,2021-12-15 01:50:52
Home Depot,19,437.9,4.14,59.5,Home Improvement,2022-03-17 18:27:04
Home Depot,2,87.01,1.67,10.25,Home Improvement,2021-12-13 16:50:28
Best Buy,16,454.48,82.35,18.61,Electronics,2021-01-31 05:20:18
Lowe's,11,159.47,22.34,17.95,Home Improvement,2022-11-11 15:29:11
Home Depot,7,276.54,79.9,29.07,Home Improvement,2022-10-13 11:10:10
Burger King,5,493.48,59.49,51.15,Food Services,2021-09-03 13:58:08
Walmart,7,12.07,2.73,1.38,Retail,2022-06-09 21:06:53
Best Buy,20,53.4,1.9,5.92,Electronics,2022-11-10 14:05:15
Starbucks,9,345.83,18.91,31.89,Food Services,2022-12-18 17:40:28
Home Depot,3,15.81,4.33,1.49,Home Improvement,2021-03-31 22:17:03
Starbucks,5,328.52,80.55,28.39,Food Services,2021-03-31 09:47:37
Ross,9,426.36,5.41,29.71,Retail,2021-07-21 16:35:17
Best Buy,11,473.52,133.31,47.96,Electronics,2021-02-02 15:01:16
Burger King,20,329.4,70.4,36.33,Food Services,2022-05-13 05:05:48
Home Depot,12,436.35,23.34,36.16,Home Improvement,2021-08-15 01:17:41
Walmart,5,79.76,7.98,9.26,Retail,2022-07-13 01:48:00
Costco,11,390.81,4.18,29.76,Retail,2021-04-27 01:19:00
Subway,10,183.65,54.51,8.13,Food Services,2021-03-31 05:49:27
Lowe's,8,467.21,43.15,57.55,Home Improvement,2022-07-20 23:13:15
Costco,10,204.57,20.16,16.87,Retail,2021-03-19 04:57:23
Best Buy,16,239.63,60.45,26.45,Electronics,2021-09-24 22:07:48
Costco,16,62.42,9.32,2.86,Retail,2021-09-18 06:22:46
Burger King,5,460.25,86.54,32.72,Food Services,2022-05-12 05:33:31
Costco,3,404.85,24.05,27.46,Retail,2021-10-26 21:24:49
Walmart,4,199.93,31.13,16.01,Retail,2022-01-15 12:30:52
Subway,7,214.4,23.69,28.39,Food Services,2021-07-22 15:50:12
Subway,6,218.45,23.5,10.99,Food Services,2022-11-02 18:16:41
Burger King,1,451.99,61.24,45.99,Food Services,2021-04-03 08:38:54
Lowe's,13,131.96,25.38,15.96,Home Improvement,2022-09-12 09:13:57
McDonalds,20,77.45,4.6,6.4,Food Services,2022-03-01 09:28:16
Ross,4,494.4,145.8,22.6,Retail,2021-11-12 06:39:09
KFC,14,439.44,65.31,53.02,Food Services,2021-09-08 11:05:45
Lowe's,16,319.36,83.8,24.56,Home Improvement,2022-12-25 08:56:24
McDonalds,1,173.41,50.08,17.25,Food Services,2022-09-28 10:49:55
Target,2,264.93,69.5,21.55,Retail,2021-05-02 02:17:11
Home Depot,19,150.72,31.94,11.53,Home Improvement,2022-09-14 08:04:15
Costco,17,435.1,5.14,31.18,Retail,2021-02-01 13:26:09
Starbucks,1,380.65,51.23,44.86,Food Services,2022-09-14 21:06:46
Ross,15,484.46,73.4,57.59,Retail,2022-01-26 05:56:52
Walmart,19,49.87,11.88,3.87,Retail,2022-04-12 03:27:46
Costco,14,453.36,28.03,44.04,Retail,2022-04-10 22:58:43
Home Depot,16,423.52,123.53,33.22,Home Improvement,2021-07-01 10:04:50
Walmart,1,371.67,33.72,36.17,Retail,2021-09-16 09:42:47
Costco,16,430.64,121.82,24.79,Retail,2021-11-13 23:02:06
Home Depot,13,35.82,6.89,1.81,Home Improvement,2021-08-11 23:42:52
Burger King,11,32.49,0.35,2.95,Food Services,2022-01-18 00:23:36
Subway,3,338.4,15.37,48.03,Food Services,2021-11-16 08:12:31
Walmart,20,235.81,32.46,12.23,Retail,2022-08-28 09:44:12
Ross,1,21.07,3.9,1.94,Retail,2021-03-23 18:48:01
Burger King,18,326.25,19.08,39.42,Food Services,2022-08-27 20:55:23
Lowe's,4,441.23,80.76,34.86,Home Improvement,2022-05-07 03:09:42
Target,4,484.9,103.81,30.35,Retail,2022-10-22 12:57:34
Ross,13,400.67,110.21,39.87,Retail,2022-06-13 22:52:48
Costco,17,430.91,128.74,16.26,Retail,2021-11-01 11:54:05
Lowe's,12,379.53,51.86,42.25,Home Improvement,2021-02-28 12:25:53
Walmart,2,245.65,66.4,25.9,Retail,2022-06-02 16:40:06
Subway,19,438.56,30.22,52.12,Food Services,2022-11-19 03:44:35
KFC,17,350.76,44.21,24.69,Food Services,2021-03-30 02:45:58
Ross,14,446.46,56.53,22.77,Retail,2021-03-23 08:57:14
Home Depot,3,54.11,12.56,5.13,Home Improvement,2021-01-24 20:18:18
Lowe's,14,344.78,3.12,48.49,Home Improvement,2021-09-10 01:06:07
Burger King,9,43.88,0.93,3.69,Food Services,2021-01-23 19:38:11
Target,12,93.06,23.18,5.1,Retail,2021-10-12 03:03:08
Costco,20,447.25,27.91,29.55,Retail,2022-06-08 07:46:50
Burger King,4,375.25,33.01,40.71,Food Services,2022-12-26 12:25:45
Subway,8,430.29,24.14,24.87,Food Services,2021-09-25 13:00:21
Burger King,9,69.43,20.13,4.25,Food Services,2022-01-03 16:15:49
Starbucks,10,468.88,134.78,37.95,Food Services,2021-05-23 22:51:27
Subway,3,55.78,9.72,3.02,Food Services,2022-11-29 05:52:50
Ross,5,403.17,38.21,27.11,Retail,2022-08-10 07:34:50
Ross,10,189.37,37.68,20.64,Retail,2022-04-12 23:20:00
Walmart,13,43.57,0.96,3.92,Retail,2022-03-04 19:13:50
Home Depot,5,297.58,26.61,23.16,Home Improvement,2021-07-12 16:08:44
Lowe's,12,320.34,50.86,23.62,Home Improvement,2021-01-07 13:06:07
Home Depot,11,223.44,24.91,28.83,Home Improvement,2021-03-12 17:24:57
Ross,4,142.1,23.8,14.06,Retail,2022-09-11 00:07:27
Burger King,15,464.49,25.83,40.43,Food Services,2021-05-16 17:20:15
McDonalds,15,173.49,27.24,12.51,Food Services,2022-05-06 12:19:43
KFC,3,244.23,14.92,11.51,Food Services,2022-06-27 22:08:59
Lowe's,20,233.7,15.34,13.42,Home Improvement,2022-05-04 11:55:32
Starbucks,18,306.53,39.01,33.48,Food Services,2021-03-13 21:18:49
KFC,16,381.24,26.58,44.76,Food Services,2021-08-06 13:13:33
KFC,1,64.81,17.18,2.57,Food Services,2021-07-19 06:55:11
Home Depot,17,445.83,94.96,33.14,Home Improvement,2022-08-03 20:43:06
Starbucks,12,145.28,32.92,15.83,Food Services,2022-04-08 11:14:43
Costco,2,39.88,3.14,3.8,Retail,2021-04-02 19:07:29
Best Buy,8,445.9,101.93,19.54,Electronics,2022-10-31 17:06:17
Starbucks,10,262.32,45.17,24.48,Food Services,2022-02-17 17:33:46
Costco,14,478.05,77.96,49.67,Retail,2022-12-04 04:38:01
Starbucks,10,223.97,38.18,11.85,Food Services,2021-04-06 18:26:43
Burger King,4,193.81,34.37,10.2,Food Services,2022-06-04 01:14:21
Starbucks,12,317.9,70.8,17.74,Food Services,2022-01-15 16:58:35
Burger King,17,162.53,31.79,7.32,Food Services,2021-08-22 03:51:24
Ross,16,30.94,5.77,1.32,Retail,2022-01-02 05:56:06
Home Depot,1,423.88,124.48,35.54,Home Improvement,2021-03-05 04:54:03
KFC,13,8.18,0.1,0.91,Food Services,2021-07-29 23:16:27
KFC,10,364.91,24.82,42.57,Food Services,2021-08-12 15:17:39
McDonalds,4,219.84,47.24,15.26,Food Services,2021-09-14 20:36:40
Home Depot,14,78.27,21.91,3.65,Home Improvement,2021-09-03 12:00:12
Ross,7,455.64,60.71,50.92,Retail,2021-10-30 01:09:28
Home Depot,16,197.82,13.07,12.86,Home Improvement,2021-06-08 15:50:41
Subway,2,453.38,4.53,50.86,Food Services,2022-11-08 12:47:29
Ross,12,33.21,6.36,1.81,Retail,2022-04-20 09:45:43
Starbucks,20,47.88,12.48,4.43,Food Services,2022-08-23 04:30:30
Target,14,231.86,43.95,19.09,Retail,2022-05-19 17:08:38
Best Buy,14,292.58,43.03,30.05,Electronics,2021-06-17 07:42:44
Target,9,25.91,0.41,2.17,Retail,2021-08-14 02:26:39
KFC,1,74.5,17.58,6.72,Food Services,2022-04-18 17:49:59
Home Depot,18,461.09,62.76,33.44,Home Improvement,2021-03-21 11:44:05
Subway,3,398.42,38.6,34.39,Food Services,2021-09-10 13:06:48
Starbucks,1,263.39,15.02,14.41,Food Services,2022-11-07 17:00:11
Best Buy,12,97.95,5.92,10.79,Electronics,2022-07-26 08:37:38
Starbucks,10,260.87,30.1,22.66,Food Services,2022-11-09 06:48:18
Burger King,8,27.03,7.58,1.11,Food Services,2021-12-25 00:22:39
Lowe's,15,28.5,6.92,3.19,Home Improvement,2021-12-24 16:33:35
Lowe's,4,47.38,3.43,5.83,Home Improvement,2021-04-30 10:57:33
Home Depot,7,223.12,5.16,20.2,Home Improvement,2022-08-10 07:00:42
Home Depot,2,479.66,35.94,31.95,Home Improvement,2022-10-15 19:17:29
Starbucks,12,163.2,21.29,15.0,Food Services,2021-08-10 18:12:49
Subway,18,395.57,84.38,39.75,Food Services,2022-02-04 06:18:56
Subway,15,270.4,21.17,18.24,Food Services,2021-04-03 05:17:31
Subway,4,90.43,11.25,5.69,Food Services,2022-11-15 08:26:45
Burger King,1,372.25,57.54,42.77,Food Services,2021-04-05 14:24:09
Home Depot,9,63.53,14.05,4.25,Home Improvement,2022-06-09 04:42:51
Burger King,18,332.0,22.07,41.28,Food Services,2021-07-06 12:27:40
Costco,17,157.22,15.44,12.38,Retail,2022-01-09 00:52:32
Starbucks,19,89.83,21.82,7.16,Food Services,2021-09-12 16:12:50
Target,19,319.23,77.76,33.25,Retail,2021-05-01 13:56:30
Ross,17,495.66,20.16,33.59,Retail,2022-12-12 19:05:35
Lowe's,19,384.79,111.89,20.07,Home Improvement,2021-04-13 15:03:20
McDonalds,13,179.96,31.91,16.71,Food Services,2022-12-01 16:18:45
Costco,20,417.8,65.98,30.21,Retail,2021-12-20 21:03:13
Starbucks,1,479.52,79.92,26.49,Food Services,2022-11-14 19:12:42
Lowe's,16,275.28,58.16,12.57,Home Improvement,2021-04-17 18:08:49
Subway,13,353.19,87.06,34.21,Food Services,2021-10-26 07:59:59
Walmart,7,23.95,5.22,2.74,Retail,2021-09-24 13:03:58
Lowe's,8,133.75,26.95,8.6,Home Improvement,2021-10-04 18:59:34
Subway,18,33.8,6.39,2.34,Food Services,2022-01-17 10:53:59
KFC,2,17.16,0.23,1.23,Food Services,2022-05-23 21:08:54
Target,3,411.37,42.57,42.93,Retail,2021-04-16 12:26:28
McDonalds,15,220.43,23.68,13.32,Food Services,2021-09-13 09:31:19
Burger King,14,194.42,23.87,13.03,Food Services,2022-02-17 16:50:00
Burger King,15,380.75,64.51,19.69,Food Services,2021-10-31 03:41:53
Ross,1,252.77,47.16,23.89,Retail,2022-10-15 11:42:13
Burger King,5,44.43,3.16,5.48,Food Services,2021-05-17 21:58:56
McDonalds,1,478.5,128.67,43.48,Food Services,2022-10-14 03:51:32
KFC,18,88.32,2.08,12.31,Food Services,2022-04-10 09:15:40
Costco,20,316.12,67.34,27.74,Retail,2021-02-01 02:33:49
Starbucks,11,403.92,88.79,16.62,Food Services,2022-12-26 05:37:28
Walmart,16,49.36,4.33,2.93,Retail,2021-07-03 10:03:48
Best Buy,12,85.33,19.28,5.53,Electronics,2022-09-16 23:02:36
Lowe's,13,12.32,1.96,0.82,Home Improvement,2021-12-31 05:15:22
Walmart,18,287.4,22.63,31.42,Retail,2021-12-21 02:55:20
Home Depot,4,204.87,30.48,9.08,Home Improvement,2022-07-29 17:49:34
Walmart,9,341.96,59.71,36.01,Retail,2021-08-14 01:50:45
KFC,7,382.49,59.24,28.64,Food Services,2022-10-11 02:17:54
Starbucks,7,62.42,18.38,5.75,Food Services,2022-12-20 02:24:46
McDonalds,19,338.56,54.11,39.13,Food Services,2021-05-07 06:10:13
Ross,11,423.88,104.28,34.67,Retail,2021-02-09 19:27:37
Subway,5,476.39,51.91,47.78,Food Services,2021-09-08 21:12:06
Lowe's,13,302.35,89.57,10.66,Home Improvement,2021-04-20 07:55:59
Subway,2,223.73,22.91,10.23,Food Services,2022-07-15 12:03:36
Lowe's,9,374.9,21.11,37.11,Home Improvement,2021-11-26 05:40:53
Starbucks,6,267.12,5.07,29.86,Food Services,2022-03-27 06:08:53
Costco,17,317.9,51.83,23.54,Retail,2021-12-04 14:13:52
Starbucks,10,146.06,18.78,18.98,Food Services,2022-07-12 14:57:58
Starbucks,9,271.25,45.13,33.69,Food Services,2021-05-28 13:38:17
Burger King,14,396.8,100.56,37.03,Food Services,2021-05-01 15:37:02
KFC,19,195.15,27.17,9.01,Food Services,2022-12-10 16:54:39
Home Depot,20,400.25,91.29,43.25,Home Improvement,2021-10-09 08:18:55
Best Buy,6,341.73,64.68,31.25,Electronics,2022-01-22 00:33:35
Walmart,8,287.92,20.91,18.29,Retail,2022-08-12 19:32:11
Home Depot,3,288.7,20.5,32.55,Home Improvement,2022-11-02 21:42:16
Best Buy,4,479.21,23.65,64.85,Electronics,2022-12-22 18:55:03
Home Depot,13,470.49,35.67,60.08,Home Improvement,2022-08-24 18:41:56
Target,20,167.24,15.4,15.07,Retail,2022-08-16 06:31:49
Starbucks,7,382.36,44.35,43.11,Food Services,2022-05-01 22:49:16
KFC,13,350.06,86.38,28.55,Food Services,2021-10-03 09:54:27
Subway,5,284.39,23.75,34.46,Food Services,2021-11-06 04:59:09
Lowe's,17,71.99,1.76,9.59,Home Improvement,2021-10-08 09:55:34
Walmart,3,99.43,3.31,10.0,Retail,2021-02-03 11:49:05
Target,1,160.83,43.68,17.39,Retail,2022-08-17 23:37:37
KFC,9,206.18,8.79,12.78,Food Services,2022-11-05 02:45:50
Starbucks,17,34.62,1.3,2.11,Food Services,2022-01-09 12:29:33
Burger King,2,366.26,57.09,40.92,Food Services,2022-06-21 20:41:16
Burger King,13,475.09,49.13,46.25,Food Services,2021-03-06 07:29:11
Costco,18,91.34,7.28,10.93,Retail,2021-09-12 17:12:37
Burger King,9,392.25,60.89,31.69,Food Services,2022-12-08 19:34:09
Ross,15,278.6,3.23,29.89,Retail,2022-05-14 07:21:08
Best Buy,2,448.5,42.53,58.73,Electronics,2021-05-30 19:40:28
KFC,15,307.39,74.9,23.77,Food Services,2022-07-06 02:36:43
Target,5,240.86,40.17,20.94,Retail,2022-09-30 08:59:07
Best Buy,11,6.22,1.45,0.29,Electronics,2022-04-17 21:22:57
Target,19,228.53,57.14,17.35,Retail,2022-10-16 11:12:13
KFC,4,72.37,20.09,3.57,Food Services,2021-04-08 04:01:52
Walmart,11,443.54,25.73,38.18,Retail,2021-02-18 04:29:47
Burger King,10,399.4,109.24,31.93,Food Services,2022-09-10 01:35:55
Burger King,6,182.15,45.64,7.88,Food Services,2021-02-11 22:45:08
Lowe's,12,304.05,56.57,18.71,Home Improvement,2021-08-29 14:01:31
Subway,15,209.05,1.92,26.98,Food Services,2021-05-28 23:03:17
Home Depot,3,182.02,6.74,14.91,Home Improvement,2021-05-18 13:08:19
Home Depot,20,346.83,93.33,20.86,Home Improvement,2022-09-07 04:45:19
Best Buy,16,240.88,62.0,18.53,Electronics,2021-11-09 04:34:37
Starbucks,1,325.76,9.35,41.97,Food Services,2021-09-17 02:59:45
Target,4,238.33,2.36,33.25,Retail,2022-05-01 20:45:51
Starbucks,2,5.36,0.54,0.7,Food Services,2022-06-25 13:56:53
Ross,6,91.43,25.26,7.54,Retail,2021-07-08 10:02:42
Subway,11,473.07,68.54,56.14,Food Services,2022-06-11 23:06:33
Home Depot,2,117.08,22.33,7.85,Home Improvement,2021-07-05 00:07:35
Target,8,85.99,10.85,6.49,Retail,2022-03-16 03:27:41
Ross,13,284.63,1.15,40.55,Retail,2021-01-05 09:05:00
KFC,13,360.64,18.6,22.19,Food Services,2021-01-20 13:07:48
Target,17,6.83,0.1,0.96,Retail,2022-03-22 01:31:03
Subway,5,390.27,78.86,27.4,Food Services,2021-01-21 12:54:28
Home Depot,14,286.18,58.93,27.52,Home Improvement,2022-12-18 13:19:52
Ross,12,257.57,41.21,12.4,Retail,2021-11-13 17:10:08
Subway,12,483.2,62.56,39.37,Food Services,2022-01-01 22:34:25
Home Depot,8,458.59,33.03,41.76,Home Improvement,2022-12-16 21:50:08
Subway,3,418.61,125.33,40.62,Food Services,2021-10-16 18:47:29
Best Buy,1,304.0,71.1,32.06,Electronics,2021-08-03 14:16:01
Walmart,20,164.18,39.31,18.28,Retail,2021-03-24 20:17:20
Best Buy,2,76.38,8.99,8.54,Electronics,2022-07-22 18:52:24
Home Depot,14,462.66,98.99,40.16,Home Improvement,2021-05-06 08:19:24
Ross,11,239.81,11.44,32.39,Retail,2022-11-03 13:08:58
Starbucks,17,60.7,6.71,3.47,Food Services,2021-10-05 18:32:38
Lowe's,17,377.95,22.19,51.85,Home Improvement,2021-05-18 09:36:50
Burger King,19,165.71,18.9,7.95,Food Services,2022-03-05 07:29:41
Home Depot,2,342.7,27.66,38.68,Home Improvement,2021-09-27 10:16:06
Ross,5,59.6,6.38,2.83,Retail,2022-03-24 22:23:46
Home Depot,15,42.7,9.1,3.97,Home Improvement,2022-08-28 03:08:59
Home Depot,18,364.47,15.12,22.81,Home Improvement,2021-05-08 17:58:18
McDonalds,1,265.03,65.12,17.13,Food Services,2022-11-16 23:17:07
Subway,10,359.64,36.16,20.01,Food Services,2022-12-12 00:35:32
Home Depot,9,450.11,46.25,40.45,Home Improvement,2021-09-15 17:00:39
Best Buy,5,456.52,134.84,40.01,Electronics,2021-08-26 02:07:47
McDonalds,13,176.53,50.24,12.77,Food Services,2021-11-15 12:50:24
Home Depot,4,343.3,15.86,16.53,Home Improvement,2022-04-08 12:22:52
KFC,17,57.87,13.53,5.31,Food Services,2022-04-08 18:15:13
KFC,20,490.95,16.38,56.4,Food Services,2022-04-23 03:28:38
Ross,13,47.26,0.51,2.88,Retail,2021-10-09 07:16:23
Burger King,16,162.59,32.97,11.27,Food Services,2022-06-26 03:03:54
Starbucks,16,406.98,27.92,24.98,Food Services,2022-03-05 11:08:42
Costco,17,460.8,23.22,58.09,Retail,2022-10-22 21:03:40
Ross,17,207.41,41.11,15.6,Retail,2022-06-16 00:30:54
Home Depot,9,15.48,0.62,1.32,Home Improvement,2022-11-19 12:56:51
Lowe's,19,31.56,3.55,3.65,Home Improvement,2022-05-16 06:05:45
Subway,13,170.59,25.94,13.82,Food Services,2022-01-08 18:47:27
Subway,4,138.0,21.01,12.29,Food Services,2021-11-03 02:23:07
Lowe's,9,94.6,15.35,5.23,Home Improvement,2022-10-24 21:46:21
Subway,5,231.18,66.75,16.08,Food Services,2022-03-16 17:14:47
Home Depot,18,50.66,7.33,5.7,Home Improvement,2021-08-19 10:46:16
Ross,12,406.87,16.92,53.19,Retail,2022-10-02 05:47:45
KFC,5,295.31,17.59,14.8,Food Services,2021-11-11 01:41:23
Best Buy,20,247.72,51.31,28.11,Electronics,2022-03-11 14:41:23
Target,11,436.93,89.89,25.74,Retail,2022-01-22 14:33:56
Starbucks,9,116.18,17.27,14.31,Food Services,2022-01-31 08:02:45
Target,3,43.36,7.46,2.61,Retail,2021-10-13 10:40:48
Home Depot,5,119.66,33.6,10.69,Home Improvement,2022-01-09 16:43:05
KFC,12,145.03,26.65,15.76,Food Services,2021-04-03 18:53:33
Home Depot,12,252.63,35.69,25.08,Home Improvement,2021-10-18 10:43:03
KFC,12,218.8,23.58,17.59,Food Services,2022-08-19 04:47:15
Burger King,10,433.92,62.45,29.4,Food Services,2021-12-13 09:48:04
Ross,12,466.78,104.09,51.85,Retail,2021-09-20 14:33:32
Lowe's,8,59.44,6.85,4.67,Home Improvement,2022-02-03 20:58:38
Lowe's,19,415.11,27.48,34.86,Home Improvement,2021-08-30 17:17:31
Lowe's,8,160.69,32.97,7.56,Home Improvement,2021-09-04 08:00:57
Home Depot,8,411.28,53.22,19.64,Home Improvement,2022-08-23 03:18:34
Walmart,14,51.27,3.08,3.98,Retail,2021-03-29 20:29:23
Ross,12,18.99,5.43,0.69,Retail,2022-02-20 05:14:12
Walmart,5,62.66,11.37,7.36,Retail,2021-06-04 20:27:00
Costco,15,102.86,0.05,14.36,Retail,2022-10-20 04:36:36
Home Depot,3,270.78,75.22,14.22,Home Improvement,2021-11-19 16:05:00
Home Depot,16,404.65,52.91,31.0,Home Improvement,2022-08-18 11:07:18
Walmart,20,477.5,4.09,40.1,Retail,2021-10-13 10:03:53
Target,15,322.17,57.59,15.66,Retail,2021-03-22 04:50:58
Burger King,4,140.07,29.09,12.44,Food Services,2022-05-27 17:52:52
Ross,13,107.51,31.47,6.23,Retail,2021-11-24 03:13:05
Best Buy,17,64.57,2.04,8.82,Electronics,2021-04-07 17:43:42
Best Buy,15,237.55,32.42,17.23,Electronics,2021-11-20 06:51:38
Starbucks,13,43.88,6.65,4.91,Food Services,2022-11-02 12:33:41
McDonalds,15,127.99,18.45,15.72,Food Services,2021-01-19 13:49:13
Lowe's,1,278.47,80.08,25.3,Home Improvement,2021-06-23 23:21:18
Home Depot,8,130.34,18.58,8.14,Home Improvement,2021-08-09 05:13:11
Target,16,301.73,84.14,31.96,Retail,2022-02-10 17:52:21
KFC,3,97.87,27.39,7.97,Food Services,2021-04-06 08:20:11
Walmart,5,174.69,17.53,17.63,Retail,2021-05-05 13:14:07
Lowe's,13,340.5,42.03,20.66,Home Improvement,2021-10-31 14:47:16
Walmart,11,444.4,90.94,36.09,Retail,2022-07-17 06:58:40
Target,6,262.01,42.66,29.64,Retail,2022-03-29 14:12:36
Home Depot,5,318.6,59.04,36.31,Home Improvement,2022-03-20 07:17:45
McDonalds,20,223.48,16.29,29.11,Food Services,2022-10-18 04:27:39
Target,18,366.89,0.06,20.63,Retail,2021-07-08 15:02:49
Lowe's,20,115.88,23.8,12.54,Home Improvement,2022-08-12 03:59:48
Best Buy,14,462.68,88.01,29.46,Electronics,2022-06-15 12:30:22
Target,16,344.3,16.86,34.62,Retail,2021-10-04 22:16:29
Burger King,15,198.45,58.94,11.41,Food Services,2021-12-30 22:48:44
Costco,5,113.79,3.87,7.21,Retail,2022-12-29 07:48:01
Home Depot,15,355.34,22.39,28.9,Home Improvement,2021-02-06 04:44:42
Walmart,13,107.62,27.57,8.69,Retail,2022-11-10 18:50:04
Home Depot,18,109.18,0.14,16.31,Home Improvement,2021-04-16 22:20:09
Best Buy,16,157.77,25.74,7.47,Electronics,2022-04-15 19:09:16
Burger King,16,377.38,23.09,39.57,Food Services,2021-10-07 15:06:03
Starbucks,3,373.79,86.05,21.27,Food Services,2022-11-04 07:10:31
Walmart,19,432.48,66.51,23.91,Retail,2021-07-20 16:47:37
Costco,19,226.34,59.62,24.69,Retail,2021-10-25 06:22:08
Home Depot,17,464.06,31.78,47.13,Home Improvement,2022-12-28 16:38:43
Costco,2,81.62,15.35,7.05,Retail,2021-02-19 03:57:58
Best Buy,16,220.18,25.47,26.72,Electronics,2021-04-01 13:32:37
Home Depot,20,333.88,96.37,29.97,Home Improvement,2022-11-19 12:33:49
Walmart,4,354.22,26.34,37.03,Retail,2021-07-25 04:24:39
Home Depot,4,175.19,19.64,20.27,Home Improvement,2021-05-28 05:20:57
Burger King,18,273.25,27.77,25.83,Food Services,2021-05-06 09:08:56
Lowe's,1,320.39,24.78,18.85,Home Improvement,2021-03-19 03:30:32
Subway,18,211.74,50.22,9.17,Food Services,2022-03-20 02:58:09
Costco,17,42.17,12.64,1.86,Retail,2021-01-27 22:05:32
Best Buy,8,176.92,29.61,17.79,Electronics,2021-05-18 15:04:48
Burger King,8,202.52,36.99,20.61,Food Services,2021-09-28 14:56:38
Ross,9,361.78,97.09,39.01,Retail,2022-03-02 01:59:32
McDonalds,7,235.54,22.17,13.41,Food Services,2022-03-12 19:37:24
KFC,1,46.22,11.36,2.82,Food Services,2022-07-03 15:54:39
Target,2,46.86,0.2,6.08,Retail,2021-05-10 07:27:36
Burger King,9,489.63,75.31,35.07,Food Services,2021-12-15 19:38:12
Costco,14,253.85,63.32,11.86,Retail,2022-04-07 00:57:27
Lowe's,11,91.2,6.59,7.93,Home Improvement,2022-06-27 17:19:33
Starbucks,2,16.34,0.04,2.19,Food Services,2021-03-01 03:58:52
KFC,11,161.88,26.61,20.01,Food Services,2021-02-07 14:51:21
Burger King,8,425.46,88.37,21.57,Food Services,2022-04-09 19:40:31
Walmart,13,212.2,37.08,13.19,Retail,2021-08-31 22:03:19
Best Buy,16,445.25,94.61,32.39,Electronics,2021-05-12 16:22:31
Best Buy,2,119.35,28.93,7.99,Electronics,2021-07-05 05:46:19
Costco,10,53.72,2.94,3.19,Retail,2021-12-06 22:44:32
Walmart,12,265.11,9.91,19.05,Retail,2021-08-07 19:05:51
Starbucks,13,218.59,45.73,24.67,Food Services,2021-05-08 13:30:41
Burger King,17,181.86,13.6,12.14,Food Services,2021-08-22 16:02:55
Ross,6,278.08,20.89,13.56,Retail,2021-06-30 16:36:05
Burger King,14,463.0,97.96,23.98,Food Services,2022-08-12 22:58:02
Best Buy,5,441.13,76.94,24.33,Electronics,2021-07-12 14:11:00
Best Buy,10,400.31,102.74,35.97,Electronics,2021-01-17 08:07:00
Burger King,15,396.04,100.68,16.61,Food Services,2021-05-11 08:12:06
Home Depot,17,197.01,22.74,17.88,Home Improvement,2021-03-22 00:43:40
Ross,3,268.74,72.49,27.35,Retail,2021-01-09 04:37:03
Burger King,8,374.12,50.55,25.1,Food Services,2021-11-17 08:40:13
Target,13,132.84,3.05,16.38,Retail,2022-04-01 04:25:08
McDonalds,7,429.71,98.18,18.36,Food Services,2022-09-21 10:51:37
Costco,15,128.25,27.32,14.1,Retail,2022-05-29 19:18:41
Ross,20,315.3,48.21,13.71,Retail,2021-04-25 17:59:43
Target,12,186.68,53.97,13.29,Retail,2022-06-19 14:31:41
Starbucks,5,16.14,3.91,1.76,Food Services,2022-10-27 10:19:50
McDonalds,20,201.47,28.62,16.25,Food Services,2022-01-05 06:52:30
Starbucks,11,177.76,34.02,12.66,Food Services,2022-03-26 12:43:08
Home Depot,17,152.46,37.27,12.26,Home Improvement,2021-07-02 17:12:31
McDonalds,14,112.11,17.3,9.57,Food Services,2022-09-20 09:05:40
Subway,17,379.51,60.54,45.02,Food Services,2022-10-12 11:48:09
KFC,16,458.95,35.66,33.93,Food Services,2022-12-05 23:43:32
KFC,17,30.82,6.75,3.53,Food Services,2021-12-23 08:58:45
Burger King,3,14.05,2.52,1.56,Food Services,2022-09-09 15:30:03
Walmart,7,470.08,26.09,29.91,Retail,2022-05-29 15:17:59
Target,20,406.83,1.1,60.49,Retail,2021-01-13 19:23:59
Walmart,20,458.65,23.04,59.69,Retail,2022-10-01 12:41:22
McDonalds,13,412.49,91.37,43.62,Food Services,2021-03-10 04:55:30
Subway,14,392.12,82.29,39.29,Food Services,2021-01-12 02:04:22
Subway,18,139.91,30.99,14.93,Food Services,2021-10-26 05:23:02
McDonalds,11,96.32,5.17,10.56,Food Services,2022-04-21 03:39:31
Subway,17,206.81,38.93,23.68,Food Services,2021-06-26 01:50:31
Walmart,2,220.89,40.06,20.73,Retail,2022-05-19 12:14:33
Ross,17,47.18,4.39,4.85,Retail,2022-05-02 10:34:25
Subway,7,358.64,36.49,20.56,Food Services,2022-05-26 07:46:47
Burger King,9,245.59,35.46,29.69,Food Services,2021-07-29 09:14:07
KFC,3,232.04,52.53,25.1,Food Services,2022-02-03 00:23:20
Starbucks,18,358.84,65.45,27.03,Food Services,2021-05-04 12:50:09
Subway,14,384.31,79.12,40.07,Food Services,2022-08-25 08:58:39
Costco,19,387.81,97.58,36.18,Retail,2022-01-10 14:18:00
Starbucks,4,343.87,43.92,23.28,Food Services,2021-03-27 22:27:32
KFC,12,256.99,41.33,12.39,Food Services,2021-02-01 18:23:32
Subway,1,486.99,139.29,48.27,Food Services,2021-11-13 23:34:17
Home Depot,16,443.53,41.69,53.03,Home Improvement,2021-03-08 01:57:52
Burger King,13,323.73,72.79,18.2,Food Services,2021-06-12 12:28:59
Home Depot,1,28.35,6.65,1.37,Home Improvement,2022-07-22 21:29:21
Burger King,10,206.31,55.21,22.0,Food Services,2022-03-01 08:37:02
Walmart,15,439.79,19.18,60.63,Retail,2021-04-09 17:34:26
KFC,7,296.33,14.97,16.58,Food Services,2021-12-31 18:01:56
Starbucks,9,130.09,15.73,5.82,Food Services,2022-05-10 06:35:41
Walmart,17,388.06,8.17,19.38,Retail,2021-08-10 02:23:28
Ross,5,417.16,63.49,50.87,Retail,2021-03-30 22:45:07
Target,1,371.47,36.03,21.65,Retail,2022-03-26 05:25:33
Costco,3,189.64,14.44,14.57,Retail,2022-01-12 20:27:07
Lowe's,18,265.59,6.44,24.33,Home Improvement,2022-08-27 03:51:33
Home Depot,18,242.62,31.0,12.15,Home Improvement,2021-06-20 08:30:23
Ross,13,415.24,63.71,22.79,Retail,2021-02-24 17:36:00
Ross,5,22.05,4.26,1.1,Retail,2021-02-22 21:44:15
Best Buy,9,284.82,30.1,29.69,Electronics,2022-07-19 13:39:25
Lowe's,13,297.78,28.51,31.5,Home Improvement,2022-04-29 09:13:42
Lowe's,17,175.88,41.01,7.25,Home Improvement,2021-10-26 03:58:21
Target,11,397.29,0.82,42.6,Retail,2022-01-05 04:06:57
Costco,12,220.43,40.93,18.77,Retail,2022-02-07 20:56:14
Best Buy,4,487.4,83.33,21.81,Electronics,2021-10-12 02:12:00
Ross,11,138.28,20.04,16.72,Retail,2021-11-22 12:23:04
Walmart,8,328.9,47.11,34.53,Retail,2021-09-25 09:28:28
KFC,6,461.4,105.37,34.9,Food Services,2022-05-27 11:19:11
Ross,13,349.19,71.75,29.97,Retail,2021-06-15 11:08:39
Walmart,15,499.41,89.86,60.46,Retail,2021-05-15 16:31:42
Subway,15,161.05,15.84,13.5,Food Services,2022-08-21 15:34:15
KFC,5,258.64,30.37,19.83,Food Services,2021-08-18 07:15:47
McDonalds,7,131.18,9.52,13.23,Food Services,2022-12-22 14:53:46
Target,15,122.89,12.45,12.51,Retail,2021-09-08 03:31:21
McDonalds,5,422.82,32.56,26.26,Food Services,2022-07-02 07:41:34
Burger King,20,61.8,17.09,4.38,Food Services,2022-06-22 08:37:31
Ross,20,182.18,13.61,21.95,Retail,2022-02-25 01:34:50
Lowe's,7,150.4,12.34,9.69,Home Improvement,2022-10-18 14:13:48
Home Depot,11,366.78,4.77,52.73,Home Improvement,2022-04-15 01:50:18
Ross,18,231.88,17.45,16.89,Retail,2022-01-13 19:55:02
Home Depot,11,425.01,94.7,39.64,Home Improvement,2022-06-26 10:20:19
Home Depot,2,432.38,14.92,23.32,Home Improvement,2021-05-05 01:15:52
Starbucks,20,361.5,47.51,32.9,Food Services,2021-11-19 05:41:18
Lowe's,12,114.09,23.15,11.15,Home Improvement,2022-09-06 21:43:00
KFC,3,255.53,1.34,29.49,Food Services,2022-02-03 12:17:27
Target,20,497.34,134.45,26.67,Retail,2021-02-02 00:56:48
Costco,10,50.28,8.87,3.69,Retail,2021-04-10 17:25:11
Subway,20,267.95,69.49,13.85,Food Services,2021-08-18 12:13:11
Ross,6,297.24,20.15,17.46,Retail,2021-06-27 08:02:33
Starbucks,16,395.3,17.23,42.2,Food Services,2021-06-08 18:58:15
Costco,5,449.62,89.54,53.08,Retail,2021-05-22 08:40:17
McDonalds,19,13.51,2.18,1.11,Food Services,2021-04-09 00:28:16
Burger King,9,45.37,9.8,3.98,Food Services,2022-06-21 21:57:02
Starbucks,20,369.56,0.45,23.75,Food Services,2021-06-10 21:13:15
Burger King,19,339.35,42.57,19.16,Food Services,2022-02-23 07:19:04
Walmart,17,162.78,10.74,10.25,Retail,2021-09-03 21:57:25
KFC,15,119.56,23.28,11.88,Food Services,2022-06-09 12:08:32
Burger King,7,54.69,8.04,3.98,Food Services,2022-04-03 04:54:16
Starbucks,7,146.44,17.24,8.72,Food Services,2021-03-30 09:17:45
Subway,4,260.87,10.84,34.26,Food Services,2022-12-12 21:54:27
Lowe's,5,214.16,57.58,16.22,Home Improvement,2022-08-15 08:55:07
Ross,3,136.2,39.81,8.45,Retail,2021-02-09 19:36:34
Target,13,369.12,42.52,20.44,Retail,2022-07-06 08:27:42
Burger King,18,286.77,56.44,18.55,Food Services,2021-12-11 14:39:43
Best Buy,19,494.36,31.16,32.58,Electronics,2021-03-10 03:19:08
Costco,18,204.05,31.02,16.72,Retail,2022-05-23 13:08:15
Ross,2,104.75,7.56,10.68,Retail,2021-11-12 17:34:15
Costco,18,110.25,6.57,10.28,Retail,2021-05-29 17:09:56
Costco,17,69.46,4.07,7.04,Retail,2022-05-12 08:26:48
Subway,14,302.37,78.44,31.64,Food Services,2022-06-07 11:11:42
Lowe's,20,395.4,41.61,52.37,Home Improvement,2022-09-05 08:55:34
McDonalds,2,487.49,64.43,43.07,Food Services,2021-06-14 16:42:52
Walmart,5,122.12,17.29,11.58,Retail,2022-10-12 06:51:14
KFC,10,199.13,44.09,22.28,Food Services,2022-11-28 22:22:17
Burger King,10,439.26,11.69,26.7,Food Services,2022-01-21 12:29:43
Target,20,312.57,8.29,41.42,Retail,2021-11-14 22:58:50
McDonalds,1,245.04,10.58,31.53,Food Services,2021-10-15 12:14:39
Burger King,5,62.3,6.01,6.66,Food Services,2021-02-28 16:59:51
Target,7,104.11,9.22,11.36,Retail,2022-05-21 15:59:38
Burger King,13,200.41,8.58,11.07,Food Services,2022-05-04 21:47:29
KFC,5,265.72,66.17,19.74,Food Services,2021-05-01 15:51:26
Subway,5,438.71,56.51,47.43,Food Services,2021-04-01 16:49:47
Ross,5,223.51,56.92,15.39,Retail,2021-05-20 09:38:00
Walmart,10,376.28,64.67,36.85,Retail,2022-05-18 20:09:50
Costco,4,249.67,38.98,11.17,Retail,2022-07-06 23:19:58
KFC,19,47.7,11.76,4.45,Food Services,2021-07-19 12:08:23
Burger King,18,397.53,19.38,42.55,Food Services,2022-06-12 06:13:47
Subway,17,84.13,12.54,10.26,Food Services,2021-07-08 21:24:56
Walmart,8,76.05,13.71,7.9,Retail,2021-04-23 01:09:58
KFC,5,424.87,103.33,35.11,Food Services,2021-05-18 17:20:33
Costco,4,143.32,11.59,12.75,Retail,2022-08-29 21:28:05
Starbucks,19,212.82,2.65,12.08,Food Services,2022-10-05 17:50:31
Lowe's,2,176.78,13.47,14.83,Home Improvement,2022-12-05 09:03:43
Walmart,10,328.19,20.9,18.1,Retail,2022-07-14 21:22:53
Ross,8,436.94,27.92,33.53,Retail,2022-11-11 10:01:33
Walmart,9,213.31,33.23,26.64,Retail,2022-07-07 02:23:27
Target,19,329.61,97.72,33.02,Retail,2021-08-20 15:35:05
Costco,15,326.28,26.4,39.01,Retail,2021-07-23 08:44:36
Starbucks,3,187.12,25.26,14.35,Food Services,2022-05-15 16:23:56
Lowe's,2,317.61,73.49,24.67,Home Improvement,2022-08-23 14:28:07
Home Depot,15,307.59,52.5,25.96,Home Improvement,2021-05-05 12:38:24
Walmart,9,57.95,6.69,3.88,Retail,2022-01-12 13:16:17
Lowe's,9,260.12,10.36,24.91,Home Improvement,2022-11-10 11:22:41
Ross,1,107.84,8.47,11.99,Retail,2022-09-25 09:29:47
Costco,1,220.86,21.37,24.35,Retail,2021-05-30 13:10:36
Target,14,390.78,14.95,42.88,Retail,2021-07-14 03:39:27
Target,16,223.5,46.08,15.15,Retail,2022-10-22 11:51:34
Home Depot,14,185.49,5.87,10.56,Home Improvement,2022-09-14 23:54:56
Lowe's,5,52.55,14.97,3.85,Home Improvement,2022-06-29 07:41:49
Home Depot,16,122.53,23.42,5.91,Home Improvement,2021-02-14 11:55:59
KFC,10,302.39,27.34,28.24,Food Services,2022-03-10 08:03:21
KFC,11,5.07,0.22,0.29,Food Services,2022-08-08 22:32:29
Target,15,424.21,30.89,54.34,Retail,2022-03-20 21:30:34
Lowe's,9,275.2,77.4,17.81,Home Improvement,2021-03-22 04:47:33
Walmart,4,168.17,10.48,16.48,Retail,2022-01-25 03:41:52
Starbucks,3,55.67,10.3,5.63,Food Services,2021-07-10 22:41:23
Costco,6,225.06,11.19,16.21,Retail,2022-10-07 06:24:25
Burger King,6,222.73,55.58,8.81,Food Services,2021-10-21 23:59:48
Walmart,4,54.72,1.36,6.77,Retail,2021-06-12 01:42:30
Starbucks,13,118.62,22.96,9.61,Food Services,2022-10-13 01:42:01
Target,6,215.6,52.15,17.8,Retail,2022-04-13 22:55:26
McDonalds,10,176.67,16.63,18.07,Food Services,2022-08-16 21:41:25
Burger King,15,440.89,94.95,26.06,Food Services,2021-07-31 21:38:44
Ross,6,440.13,118.85,26.46,Retail,2021-01-19 00:55:12
Target,16,312.84,88.36,17.65,Retail,2021-07-12 00:02:55
Walmart,4,232.35,36.08,27.5,Retail,2021-06-03 14:02:58
Home Depot,20,169.23,6.75,16.11,Home Improvement,2022-11-24 21:21:26
Lowe's,15,187.03,11.08,12.39,Home Improvement,2022-01-16 20:51:42
Ross,3,360.95,75.09,41.19,Retail,2021-11-11 12:45:53
Subway,9,107.89,13.86,9.82,Food Services,2022-07-12 06:04:38
Burger King,11,370.92,0.32,41.38,Food Services,2022-10-09 01:32:36
Home Depot,15,353.46,74.39,15.75,Home Improvement,2021-01-31 04:55:56
Costco,12,192.56,23.83,21.62,Retail,2022-06-25 06:13:07
KFC,8,145.18,42.32,10.84,Food Services,2022-05-03 16:58:16
Home Depot,10,338.31,15.63,37.9,Home Improvement,2021-12-02 04:26:29
Home Depot,19,362.28,32.82,34.52,Home Improvement,2021-08-25 03:59:20
Home Depot,19,324.92,16.56,16.57,Home Improvement,2021-12-08 02:22:16
Lowe's,10,37.58,2.56,2.91,Home Improvement,2021-10-20 14:48:36
Walmart,20,172.73,9.49,22.71,Retail,2022-11-13 09:04:56
Costco,4,92.7,16.8,5.53,Retail,2021-05-20 00:33:39
Walmart,17,493.86,136.04,33.54,Retail,2021-12-02 03:48:30
Ross,10,201.44,18.83,18.83,Retail,2021-05-04 19:19:36
Lowe's,6,448.38,14.34,26.77,Home Improvement,2022-09-25 20:25:46
Burger King,10,368.19,33.72,29.81,Food Services,2022-04-01 03:20:45
Starbucks,11,381.25,7.76,47.26,Food Services,2022-07-07 08:05:29
Starbucks,8,465.36,63.49,32.53,Food Services,2022-12-22 09:38:38
McDonalds,13,438.65,55.79,20.78,Food Services,2022-12-21 01:45:40
Costco,12,8.5,0.79,0.39,Retail,2022-05-01 05:49:26
Walmart,5,438.11,114.07,31.42,Retail,2021-03-05 02:33:45
Subway,5,15.01,3.34,0.74,Food Services,2021-03-20 22:24:35
Costco,3,305.73,60.63,17.2,Retail,2021-03-19 18:13:40
Lowe's,14,44.75,6.36,5.22,Home Improvement,2022-01-25 10:59:00
Burger King,6,272.23,11.29,22.77,Food Services,2022-10-22 22:50:16
Home Depot,17,69.35,13.03,8.21,Home Improvement,2022-07-22 08:01:11
Best Buy,8,51.66,12.26,3.46,Electronics,2021-10-16 18:11:20
Best Buy,11,283.04,48.56,20.92,Electronics,2021-08-27 05:35:00
McDonalds,19,348.26,15.93,30.08,Food Services,2022-08-27 19:36:42
Target,10,471.48,71.49,20.84,Retail,2021-01-01 23:05:37
Ross,9,371.59,77.23,33.92,Retail,2021-04-17 07:08:03
Ross,4,415.08,91.48,37.75,Retail,2021-08-03 00:00:59
Starbucks,5,436.75,22.56,47.9,Food Services,2022-09-24 15:43:16
Burger King,11,104.05,19.75,8.44,Food Services,2022-01-20 11:14:21
Ross,9,163.85,31.2,14.82,Retail,2022-06-21 05:48:31
McDonalds,12,400.63,92.48,44.91,Food Services,2022-08-25 17:18:06
Home Depot,18,181.67,34.76,10.75,Home Improvement,2021-01-27 05:06:15
Home Depot,18,138.73,33.28,14.97,Home Improvement,2021-02-06 06:04:55
Burger King,9,362.73,108.36,29.22,Food Services,2021-01-07 01:07:05
KFC,9,117.23,34.76,11.81,Food Services,2022-10-31 13:41:47
Burger King,6,130.43,36.26,12.46,Food Services,2022-05-08 09:16:55
Costco,6,251.22,65.69,20.6,Retail,2021-02-27 10:32:25
Home Depot,10,407.69,82.97,24.62,Home Improvement,2021-01-24 08:03:48
Subway,6,168.05,44.86,9.04,Food Services,2022-03-03 03:15:57
McDonalds,2,323.26,73.03,34.8,Food Services,2021-12-19 12:58:09
Best Buy,15,298.61,86.16,31.1,Electronics,2021-09-27 05:57:38
Target,4,386.83,1.94,33.24,Retail,2022-01-08 17:52:41
McDonalds,13,383.28,1.7,52.22,Food Services,2021-05-27 04:09:42
Subway,16,209.62,24.67,12.09,Food Services,2021-11-30 02:36:44
Home Depot,15,414.51,91.62,36.9,Home Improvement,2021-06-16 17:50:41
Starbucks,3,352.03,16.72,35.83,Food Services,2021-08-22 15:28:48
Burger King,6,53.88,2.49,3.48,Food Services,2021-07-19 07:31:18
Best Buy,14,163.61,35.75,12.66,Electronics,2021-04-04 04:20:21
Starbucks,20,160.98,12.19,11.68,Food Services,2022-04-18 04:27:56
Best Buy,1,252.47,48.94,29.46,Electronics,2021-06-07 16:06:40
Home Depot,9,366.85,83.79,34.6,Home Improvement,2021-01-17 17:52:09
Home Depot,18,47.39,11.35,4.37,Home Improvement,2021-01-20 18:25:39
Walmart,16,340.97,39.9,31.12,Retail,2022-03-03 15:38:26
Lowe's,17,225.23,50.28,21.05,Home Improvement,2022-01-04 20:49:26
Subway,6,404.06,91.49,34.61,Food Services,2021-06-13 07:18:23
Starbucks,14,38.01,1.11,4.75,Food Services,2021-12-18 23:26:50
KFC,5,491.61,73.31,56.3,Food Services,2022-10-31 01:39:40
Burger King,5,246.93,70.79,13.25,Food Services,2021-09-22 23:19:50
Burger King,17,363.07,108.04,32.52,Food Services,2021-10-08 05:14:29
Best Buy,9,199.95,32.1,23.43,Electronics,2021-03-16 17:12:10
Starbucks,5,254.43,11.1,34.89,Food Services,2021-06-01 02:56:21
Walmart,1,247.37,5.79,24.73,Retail,2021-04-19 04:28:16
KFC,15,283.74,47.94,13.7,Food Services,2021-10-05 02:15:17
Ross,15,456.85,5.86,27.21,Retail,2021-03-20 04:47:10
Subway,4,156.69,14.49,15.36,Food Services,2021-05-21 04:38:09
Walmart,16,205.45,39.01,9.84,Retail,2022-10-26 22:26:47
Starbucks,16,218.81,32.35,16.35,Food Services,2021-11-30 09:07:32
McDonalds,14,315.89,18.2,17.02,Food Services,2021-04-17 07:05:56
Lowe's,11,184.63,44.31,13.33,Home Improvement,2021-07-11 02:32:39
Ross,15,487.98,103.19,50.15,Retail,2022-01-22 04:51:57
Ross,4,270.66,49.09,27.23,Retail,2021-05-16 07:12:05
Costco,11,85.77,24.06,7.17,Retail,2021-04-01 14:12:17
Costco,13,164.42,16.17,12.35,Retail,2022-08-15 22:03:48
Walmart,7,330.89,30.02,20.66,Retail,2022-10-21 13:50:38
Best Buy,6,240.24,17.35,27.04,Electronics,2022-11-27 11:05:06
Starbucks,4,30.24,6.75,2.09,Food Services,2022-01-12 10:18:06
KFC,5,354.91,6.14,21.38,Food Services,2022-05-07 00:22:54
Costco,13,305.72,8.61,17.29,Retail,2022-03-27 23:22:09
Costco,7,427.43,115.36,41.98,Retail,2021-11-09 23:43:58
Ross,17,229.04,18.33,17.65,Retail,2021-05-16 14:26:10
KFC,13,134.14,36.03,13.89,Food Services,2022-10-03 19:22:20
Burger King,3,109.65,17.11,12.97,Food Services,2021-10-05 17:48:08
KFC,15,435.19,85.99,20.63,Food Services,2022-02-06 01:29:21
Home Depot,10,232.04,3.92,19.37,Home Improvement,2022-01-23 23:19:36
McDonalds,8,37.26,10.24,2.54,Food Services,2021-03-19 07:24:46
Target,8,64.93,2.61,4.59,Retail,2022-03-02 01:17:43
Target,16,430.88,76.23,40.34,Retail,2022-01-09 18:06:10
Best Buy,9,387.97,2.12,45.7,Electronics,2022-12-14 03:07:00
Ross,9,101.88,16.76,11.35,Retail,2021-08-31 04:03:02
Lowe's,6,59.29,8.1,7.59,Home Improvement,2022-03-13 02:35:26
Subway,19,275.55,54.47,30.29,Food Services,2021-09-04 14:37:03
Subway,11,117.24,11.64,10.5,Food Services,2022-02-08 14:40:12
Burger King,1,487.77,70.51,26.7,Food Services,2021-03-07 06:45:34
Best Buy,1,426.92,97.98,20.05,Electronics,2021-09-07 10:24:45
Starbucks,7,384.13,77.81,38.55,Food Services,2022-07-23 12:46:54
Ross,12,477.94,141.44,48.84,Retail,2022-04-27 06:13:39
KFC,12,448.51,28.23,51.26,Food Services,2022-04-09 04:31:42
Burger King,8,286.64,76.18,26.05,Food Services,2021-11-19 06:22:25
Ross,7,36.39,6.94,4.21,Retail,2022-11-24 12:50:49
Target,9,442.1,103.06,32.29,Retail,2022-02-11 17:41:20
Home Depot,16,168.2,13.43,21.21,Home Improvement,2021-12-11 14:32:57
Best Buy,11,203.66,20.49,16.55,Electronics,2022-11-27 01:52:49
Starbucks,1,110.96,30.27,7.8,Food Services,2021-08-21 01:35:44
Home Depot,14,370.97,92.09,39.84,Home Improvement,2022-06-15 01:29:59
Ross,6,241.27,68.84,11.57,Retail,2022-12-20 15:35:37
McDonalds,3,435.35,35.35,53.64,Food Services,2021-05-08 05:44:23
Subway,6,332.38,12.11,46.02,Food Services,2021-12-04 02:46:23
Ross,4,422.62,6.9,22.38,Retail,2022-07-27 15:12:07
Costco,4,442.11,78.42,23.54,Retail,2021-06-13 00:07:54
KFC,12,186.27,5.35,17.88,Food Services,2021-09-18 17:01:52
Subway,17,105.57,7.09,10.81,Food Services,2021-12-11 20:34:23
Subway,10,52.25,6.56,6.82,Food Services,2022-08-05 19:31:08
McDonalds,5,93.08,19.21,5.73,Food Services,2022-06-10 08:32:47
Target,6,225.57,48.08,18.57,Retail,2022-08-10 02:31:14
Costco,13,10.7,0.61,0.94,Retail,2021-07-12 19:19:15
Target,14,296.65,29.21,26.25,Retail,2022-01-19 01:44:06
Starbucks,8,194.89,41.78,12.94,Food Services,2021-05-12 06:44:46
Costco,18,141.66,19.47,15.79,Retail,2022-04-27 20:26:17
KFC,6,428.92,94.53,50.15,Food Services,2021-09-20 08:02:25
KFC,15,423.09,88.0,43.27,Food Services,2022-09-29 06:17:55
Starbucks,15,145.2,17.62,6.68,Food Services,2022-12-04 23:21:21
Lowe's,4,70.25,17.25,4.4,Home Improvement,2022-04-17 07:48:36
Ross,16,401.26,0.83,33.02,Retail,2021-05-01 13:34:00
Home Depot,1,152.86,8.18,15.59,Home Improvement,2022-09-23 09:59:52
Ross,3,213.48,48.47,22.5,Retail,2022-11-07 15:24:57
Best Buy,5,454.13,111.91,28.73,Electronics,2022-06-22 09:31:25
Best Buy,12,491.57,24.85,27.18,Electronics,2021-07-08 04:51:10
Costco,7,241.79,65.6,25.9,Retail,2022-05-24 05:05:25
McDonalds,1,397.74,44.89,26.97,Food Services,2022-04-04 04:44:37
Starbucks,15,454.76,102.26,51.08,Food Services,2021-08-30 23:20:58
Lowe's,14,456.45,30.51,53.54,Home Improvement,2022-08-02 15:14:20
Lowe's,1,263.26,47.08,19.36,Home Improvement,2022-07-09 05:22:35
Target,7,477.48,80.61,31.5,Retail,2021-05-07 09:40:41
Ross,9,103.85,30.23,4.56,Retail,2022-07-26 16:26:41
Home Depot,5,154.39,11.84,21.36,Home Improvement,2022-10-05 21:39:10
Ross,13,18.71,5.35,1.77,Retail,2022-10-02 10:51:53
Ross,13,208.8,4.82,21.81,Retail,2022-02-21 02:01:55
Costco,7,165.39,22.46,15.12,Retail,2022-04-18 01:57:56
Costco,6,406.2,19.45,42.76,Retail,2022-04-18 11:51:48
Walmart,15,389.2,24.96,20.43,Retail,2021-02-26 21:47:26
Walmart,2,299.14,15.38,35.6,Retail,2021-06-04 18:47:12
Best Buy,10,289.57,86.18,11.95,Electronics,2021-10-17 11:39:25
Best Buy,1,442.44,82.33,41.61,Electronics,2022-11-26 15:55:44
Best Buy,8,292.48,1.07,26.59,Electronics,2021-02-25 01:24:32
Target,9,414.18,42.99,22.29,Retail,2022-03-15 03:19:56
Ross,12,23.98,0.1,2.73,Retail,2022-12-08 02:57:00
Home Depot,1,218.83,53.89,17.65,Home Improvement,2021-08-17 06:42:52
Walmart,6,346.55,47.23,16.99,Retail,2022-08-27 02:27:39
Walmart,2,399.81,15.28,33.98,Retail,2021-05-17 03:00:28
Burger King,8,327.2,10.55,43.25,Food Services,2021-11-03 10:09:43
Home Depot,10,89.72,10.24,9.3,Home Improvement,2022-05-05 09:41:21
Home Depot,17,104.49,16.11,7.57,Home Improvement,2021-07-11 02:55:01
KFC,2,210.52,32.39,20.13,Food Services,2022-10-13 10:25:04
McDonalds,11,231.57,12.79,15.25,Food Services,2021-01-28 17:07:10
McDonalds,4,150.36,14.59,16.74,Food Services,2022-09-09 22:49:37
Ross,6,290.31,36.15,14.11,Retail,2021-10-25 03:55:53
Costco,19,487.5,125.41,36.13,Retail,2022-09-08 10:57:39
Home Depot,8,207.96,24.15,19.49,Home Improvement,2021-12-10 17:56:53
Subway,12,459.89,88.76,38.03,Food Services,2021-06-17 15:15:51
Best Buy,13,245.69,42.14,11.77,Electronics,2021-03-28 05:55:04
Ross,6,155.15,14.85,8.86,Retail,2022-05-11 06:31:19
Best Buy,20,395.77,64.89,25.03,Electronics,2022-08-18 14:55:25
Target,5,27.02,1.75,2.39,Retail,2022-04-22 05:18:12
Starbucks,14,431.42,100.21,41.45,Food Services,2022-04-03 18:10:56
Starbucks,7,171.93,5.42,22.3,Food Services,2022-01-18 04:58:07
Target,10,33.78,2.68,1.89,Retail,2021-08-10 02:35:58
McDonalds,11,120.14,35.3,5.93,Food Services,2022-06-17 02:16:15
Home Depot,4,269.79,20.35,16.68,Home Improvement,2021-09-27 00:14:23
Home Depot,1,439.26,88.17,36.33,Home Improvement,2022-06-16 23:48:46
Costco,9,403.24,24.31,30.34,Retail,2021-03-08 15:45:48
Costco,17,487.83,98.65,33.19,Retail,2021-04-25 11:47:38
Costco,10,367.17,87.92,35.15,Retail,2021-05-16 03:01:26
Lowe's,10,127.31,35.0,13.13,Home Improvement,2022-03-27 16:54:13
Burger King,8,43.46,10.44,2.83,Food Services,2021-07-28 14:24:23
Target,4,396.85,16.72,50.07,Retail,2021-09-30 19:35:54
Best Buy,5,36.04,8.28,2.5,Electronics,2022-01-10 11:19:07
Target,20,159.23,6.73,8.32,Retail,2022-06-20 21:55:54
Costco,15,298.76,6.11,17.94,Retail,2021-11-02 22:43:06
McDonalds,10,314.76,40.16,30.95,Food Services,2022-03-30 04:45:22
Starbucks,18,455.22,77.3,34.17,Food Services,2022-07-31 04:35:22
Home Depot,17,187.05,49.78,10.23,Home Improvement,2022-05-23 13:09:53
KFC,4,475.13,76.3,25.74,Food Services,2021-10-06 07:50:40
Lowe's,17,126.87,29.59,13.92,Home Improvement,2022-04-11 03:09:26
Ross,11,94.78,18.72,3.97,Retail,2021-04-27 08:50:14
Costco,17,160.68,42.98,7.09,Retail,2022-08-02 16:07:01
Best Buy,4,369.42,52.92,35.3,Electronics,2022-12-18 09:05:03
Lowe's,10,170.9,31.59,9.87,Home Improvement,2022-05-08 08:35:45
Home Depot,9,258.54,26.38,34.62,Home Improvement,2022-12-04 05:18:47
Target,9,362.88,81.08,39.52,Retail,2022-09-16 23:56:46
Lowe's,5,23.93,0.7,3.33,Home Improvement,2021-08-07 06:25:06
Target,9,224.62,23.13,16.55,Retail,2021-07-08 08:34:01
Target,12,488.72,133.4,43.28,Retail,2021-06-06 09:19:09
Walmart,13,482.6,84.12,32.21,Retail,2022-09-09 12:54:20
Subway,1,274.82,72.9,16.44,Food Services,2021-12-04 03:43:36
Ross,3,418.43,6.37,58.26,Retail,2021-08-15 16:00:28
McDonalds,12,125.0,21.2,13.12,Food Services,2022-06-03 14:35:25
Home Depot,11,323.91,67.65,20.16,Home Improvement,2021-02-20 10:58:18
Lowe's,9,318.2,36.43,18.61,Home Improvement,2022-12-10 20:46:52
Lowe's,1,83.13,0.07,8.9,Home Improvement,2022-06-12 23:49:02
Walmart,3,188.06,3.06,13.4,Retail,2021-06-25 16:08:09
Lowe's,9,159.49,37.84,15.04,Home Improvement,2022-02-21 14:54:01
Target,16,493.76,91.35,53.43,Retail,2022-08-26 10:16:29
Walmart,8,69.3,4.43,4.75,Retail,2021-04-20 01:48:37
Costco,2,302.23,8.3,39.31,Retail,2022-09-17 05:37:41
Subway,14,229.31,30.95,10.2,Food Services,2022-04-24 18:31:02
KFC,17,314.74,90.81,26.94,Food Services,2021-06-13 16:20:39
Ross,20,153.25,13.51,12.6,Retail,2022-02-10 05:18:47
Walmart,15,287.47,21.33,23.76,Retail,2022-03-09 09:38:26
KFC,10,370.28,91.22,29.95,Food Services,2021-07-18 14:23:45
Burger King,17,137.27,18.39,16.84,Food Services,2022-09-26 23:39:44
Starbucks,11,345.56,74.25,37.06,Food Services,2022-08-01 04:23:13
Walmart,4,421.34,125.88,24.5,Retail,2022-04-03 08:54:13
Costco,18,102.22,20.64,4.12,Retail,2022-12-24 16:07:50
Walmart,1,158.51,22.0,13.88,Retail,2022-12-06 09:27:41
Walmart,16,371.68,30.59,48.09,Retail,2021-08-23 02:10:28
Starbucks,7,472.76,56.93,39.37,Food Services,2022-01-06 07:25:02
Starbucks,11,12.37,3.19,1.17,Food Services,2022-04-12 18:34:38
Starbucks,4,174.15,4.76,14.99,Food Services,2021-07-23 16:53:12
Target,9,314.24,64.58,31.17,Retail,2021-06-22 01:09:06
Burger King,6,277.83,37.87,18.21,Food Services,2021-03-15 00:01:12
Costco,6,278.63,64.83,18.39,Retail,2022-11-01 13:22:22
Target,12,33.23,6.68,1.79,Retail,2021-08-10 03:46:19
Lowe's,2,272.59,24.77,35.31,Home Improvement,2022-08-12 15:07:41
Subway,11,42.18,10.35,4.23,Food Services,2022-09-20 21:20:33
Lowe's,20,91.03,24.55,5.28,Home Improvement,2021-07-25 09:19:38
Lowe's,1,225.52,16.51,30.66,Home Improvement,2021-03-30 04:05:39
KFC,2,193.12,45.89,16.88,Food Services,2022-04-11 00:00:38
Walmart,11,17.61,0.07,2.57,Retail,2021-06-14 19:44:00
Burger King,6,235.28,49.1,23.05,Food Services,2022-03-13 11:50:36
Walmart,9,56.82,1.0,4.23,Retail,2022-02-12 10:31:57
KFC,19,146.02,2.99,14.04,Food Services,2021-09-20 21:35:43
Starbucks,11,119.56,26.53,6.87,Food Services,2022-02-11 11:26:53
Burger King,1,340.75,39.11,16.37,Food Services,2022-11-14 05:33:00
McDonalds,4,282.9,2.56,34.57,Food Services,2021-09-01 01:55:44
Ross,8,288.16,46.74,22.54,Retail,2021-12-13 23:10:59
Starbucks,6,23.99,6.86,1.36,Food Services,2022-10-21 16:30:46
Burger King,11,314.99,21.64,14.83,Food Services,2022-10-29 15:31:50
KFC,4,72.2,21.1,4.24,Food Services,2022-03-14 21:50:12
Ross,1,25.58,4.1,1.42,Retail,2022-03-26 23:55:53
Ross,3,74.08,12.17,5.62,Retail,2021-01-15 13:07:05
Target,10,175.42,29.66,7.52,Retail,2022-04-02 20:38:56
Walmart,12,388.74,42.84,20.28,Retail,2022-03-23 08:45:42
KFC,12,185.8,22.82,14.03,Food Services,2022-03-23 17:42:13
Starbucks,5,110.34,17.36,10.23,Food Services,2022-12-31 08:03:05
Best Buy,4,162.76,28.45,15.11,Electronics,2021-03-16 14:44:48
Subway,6,182.05,25.56,14.81,Food Services,2021-11-03 18:33:00
Home Depot,12,53.21,2.39,6.89,Home Improvement,2021-05-20 06:53:17
Target,15,386.46,43.38,29.98,Retail,2022-11-07 05:44:09
KFC,12,410.57,51.0,25.42,Food Services,2021-05-03 11:54:38
Subway,15,496.34,63.57,56.08,Food Services,2022-07-01 05:51:38
McDonalds,1,185.96,1.72,16.75,Food Services,2022-12-15 04:19:37
Subway,4,421.34,125.89,23.32,Food Services,2022-06-20 20:09:41
McDonalds,14,6.52,1.39,0.37,Food Services,2022-04-23 07:04:25
Lowe's,16,301.96,89.03,30.44,Home Improvement,2021-02-17 09:58:04
Starbucks,6,87.84,21.88,4.1,Food Services,2022-04-29 19:39:54
Lowe's,6,289.74,33.9,31.16,Home Improvement,2021-07-18 10:43:52
Walmart,15,395.39,37.2,48.87,Retail,2022-01-30 14:16:52
McDonalds,10,285.95,2.45,33.9,Food Services,2021-07-30 16:27:17
McDonalds,12,12.69,1.09,1.08,Food Services,2022-07-24 05:15:41
McDonalds,1,114.23,27.28,7.71,Food Services,2022-10-31 03:35:19
Starbucks,19,401.94,24.06,23.63,Food Services,2021-10-31 01:42:13
Subway,16,183.78,48.2,15.91,Food Services,2022-04-21 22:30:18
Burger King,5,20.24,3.64,1.92,Food Services,2021-11-25 22:37:22
Target,10,399.79,34.8,36.45,Retail,2021-11-05 11:58:51
Burger King,20,124.35,31.41,12.16,Food Services,2021-06-06 22:24:09
Burger King,6,250.81,70.86,9.68,Food Services,2022-12-07 01:26:39
Burger King,14,105.23,9.23,13.09,Food Services,2021-03-22 13:58:03
Starbucks,9,85.73,19.39,5.36,Food Services,2021-05-08 06:07:08
Target,7,437.2,77.77,23.69,Retail,2021-03-23 08:39:27
Ross,9,289.51,24.63,14.86,Retail,2022-03-21 23:32:40
Target,4,209.76,21.04,20.68,Retail,2022-02-12 11:38:15
KFC,9,426.05,122.81,43.59,Food Services,2022-09-21 09:32:03
Walmart,1,174.03,22.14,14.94,Retail,2021-09-04 16:49:24
KFC,19,401.63,14.38,35.7,Food Services,2022-06-03 13:18:12
Costco,19,493.16,37.0,57.86,Retail,2021-09-25 01:34:36
Burger King,5,24.96,0.94,3.18,Food Services,2022-09-22 16:48:36
Walmart,12,406.16,62.92,50.66,Retail,2022-10-10 09:25:33
Subway,13,271.84,74.45,12.06,Food Services,2022-04-25 20:56:15
Best Buy,7,109.56,21.12,7.98,Electronics,2021-02-01 20:56:15
Costco,2,320.18,19.96,27.37,Retail,2022-06-24 13:12:12
KFC,4,208.73,21.19,11.31,Food Services,2022-07-18 14:12:39
Ross,9,121.65,23.99,14.39,Retail,2021-06-17 07:02:40
Home Depot,14,103.49,6.31,14.19,Home Improvement,2021-08-06 21:23:37
Home Depot,7,480.77,14.67,58.41,Home Improvement,2021-10-09 22:01:27
KFC,11,498.71,76.2,42.2,Food Services,2021-06-14 16:46:36
Subway,2,285.25,56.57,17.5,Food Services,2022-05-13 17:08:58
Costco,2,54.46,5.4,5.5,Retail,2021-03-17 23:49:50
McDonalds,10,395.52,7.7,34.58,Food Services,2021-04-26 20:56:05
Target,8,69.57,2.88,8.1,Retail,2021-02-12 02:07:29
Lowe's,16,275.82,19.46,35.09,Home Improvement,2021-06-18 22:02:29
Subway,4,169.56,36.43,8.01,Food Services,2021-12-17 01:59:42
McDonalds,16,134.62,19.34,15.04,Food Services,2022-06-04 16:34:18
Ross,20,110.93,18.97,7.82,Retail,2021-07-23 14:48:41
Home Depot,6,69.79,12.49,5.67,Home Improvement,2022-09-12 19:48:20
McDonalds,20,452.47,92.61,38.35,Food Services,2021-01-06 17:58:15
Starbucks,15,435.35,127.98,21.88,Food Services,2021-06-24 13:30:16
Starbucks,19,160.88,17.39,7.68,Food Services,2022-12-22 08:52:57
Burger King,1,288.24,54.05,30.23,Food Services,2022-08-05 21:12:18
Walmart,2,206.47,38.6,16.0,Retail,2022-05-16 00:06:02
Walmart,18,194.08,24.5,21.96,Retail,2021-02-03 21:54:38
Target,2,35.93,7.05,3.39,Retail,2022-05-31 18:01:09
Costco,20,346.53,90.59,35.24,Retail,2022-02-13 08:52:44
KFC,4,417.96,94.59,17.28,Food Services,2022-04-05 20:54:13
Subway,14,414.84,12.53,27.38,Food Services,2022-11-02 04:53:22
Ross,18,123.36,17.88,11.65,Retail,2021-07-21 21:11:50
Home Depot,7,30.29,4.82,3.44,Home Improvement,2022-11-09 02:12:36
McDonalds,5,199.94,56.04,13.79,Food Services,2021-07-11 06:24:11
McDonalds,4,81.94,21.44,5.99,Food Services,2021-07-19 02:20:00
Subway,7,276.95,45.9,27.66,Food Services,2021-10-31 07:15:57
Ross,16,372.09,90.28,15.45,Retail,2021-08-27 05:38:01
Home Depot,19,242.51,33.19,26.0,Home Improvement,2021-11-23 21:20:41
Target,18,119.51,2.3,15.95,Retail,2022-01-25 14:07:55
McDonalds,11,462.73,133.68,26.45,Food Services,2022-11-02 01:51:30
Best Buy,14,139.82,33.05,8.78,Electronics,2021-09-06 12:37:03
McDonalds,4,155.12,9.08,10.84,Food Services,2022-02-19 17:07:43
Ross,11,110.35,26.27,11.49,Retail,2021-07-10 03:06:36
Starbucks,17,469.44,55.27,23.45,Food Services,2022-01-06 02:24:47
Lowe's,4,492.52,94.38,52.08,Home Improvement,2022-09-23 06:34:00
Starbucks,9,9.27,1.09,0.43,Food Services,2021-05-07 11:28:56
Walmart,14,215.65,57.91,20.57,Retail,2021-10-23 00:19:04
Walmart,9,462.61,91.76,39.78,Retail,2021-01-12 00:23:04
Costco,2,79.74,14.75,6.88,Retail,2021-05-08 12:39:33
Burger King,11,215.48,32.69,26.21,Food Services,2022-12-18 16:16:56
Lowe's,8,320.74,25.92,33.03,Home Improvement,2021-07-11 09:48:57
Ross,1,448.02,3.73,34.48,Retail,2022-07-20 16:47:46
Best Buy,1,193.6,46.9,21.57,Electronics,2022-05-22 12:56:21
Ross,2,87.73,22.64,6.65,Retail,2021-10-03 04:47:13
Costco,11,17.92,3.64,1.37,Retail,2022-01-31 10:48:49
McDonalds,9,493.7,8.75,65.94,Food Services,2022-01-15 08:35:56
Ross,7,317.28,81.89,23.91,Retail,2022-02-11 16:19:37
McDonalds,18,462.05,44.59,30.51,Food Services,2022-04-09 23:26:03
Walmart,11,478.8,142.18,47.02,Retail,2022-11-21 03:01:57
Burger King,20,294.77,70.95,13.6,Food Services,2022-08-27 07:36:24
Walmart,16,180.42,23.54,10.56,Retail,2022-07-08 20:47:23
Best Buy,6,426.6,55.06,45.07,Electronics,2022-07-02 02:56:17
Burger King,7,153.86,43.86,11.87,Food Services,2021-02-12 10:55:14
McDonalds,1,288.3,74.28,26.86,Food Services,2022-09-23 21:11:02
Starbucks,15,406.85,88.47,24.9,Food Services,2022-02-12 11:09:36
Target,12,489.92,9.81,45.18,Retail,2021-03-30 06:22:18
Burger King,4,493.68,24.36,42.94,Food Services,2022-02-23 16:16:46
Starbucks,12,315.13,24.01,40.02,Food Services,2021-01-09 10:41:46
Best Buy,3,471.07,59.43,61.5,Electronics,2021-03-28 07:14:10
Subway,14,232.43,5.17,13.63,Food Services,2021-12-20 21:46:31
KFC,5,194.03,10.75,25.07,Food Services,2021-01-27 09:21:55
Target,14,142.82,6.05,20.16,Retail,2022-03-17 02:51:43
Lowe's,18,459.98,126.11,36.57,Home Improvement,2022-03-12 04:20:30
KFC,2,417.5,55.67,44.27,Food Services,2022-01-29 19:51:46
Home Depot,5,279.14,2.85,19.25,Home Improvement,2021-08-09 09:24:24
Best Buy,7,136.27,20.99,13.78,Electronics,2021-08-09 23:15:20
Home Depot,5,23.21,4.35,2.51,Home Improvement,2021-12-15 02:38:43
Starbucks,1,25.87,3.39,2.68,Food Services,2021-01-09 00:43:13
Burger King,6,339.61,37.39,22.08,Food Services,2022-08-18 14:35:09
Starbucks,13,252.7,42.86,25.68,Food Services,2021-09-12 10:26:02
McDonalds,2,486.18,127.59,31.4,Food Services,2021-09-13 20:34:05
McDonalds,17,359.05,25.47,36.23,Food Services,2021-01-29 08:22:27
Lowe's,8,106.64,5.14,6.94,Home Improvement,2021-06-29 20:02:11
Walmart,3,497.56,59.1,40.46,Retail,2022-08-07 02:09:45
Walmart,5,309.25,65.88,33.87,Retail,2022-05-25 09:17:35
Walmart,19,106.0,15.46,5.55,Retail,2022-06-08 07:06:22
Burger King,12,49.19,6.76,3.07,Food Services,2022-03-28 20:27:08
Walmart,4,182.29,25.21,10.85,Retail,2021-08-13 14:50:31
Burger King,4,387.16,7.91,44.4,Food Services,2021-12-04 23:59:54
McDonalds,16,106.18,26.17,9.42,Food Services,2021-11-11 20:04:17
Best Buy,16,471.24,21.82,22.67,Electronics,2021-12-20 06:06:55
Costco,14,314.89,65.69,36.22,Retail,2021-05-20 04:20:38
Costco,19,385.01,70.73,30.03,Retail,2021-05-30 19:38:15
Burger King,16,340.37,42.87,19.56,Food Services,2021-08-15 14:57:45
Best Buy,10,422.95,55.28,47.03,Electronics,2021-01-02 12:01:15
KFC,16,39.05,3.41,3.45,Food Services,2022-03-07 11:36:28
Target,16,311.56,60.94,17.81,Retail,2022-12-17 11:52:15
Home Depot,15,179.11,34.7,18.46,Home Improvement,2022-01-10 03:33:33
Target,3,132.27,22.44,11.94,Retail,2022-06-01 16:31:10
Best Buy,10,329.64,17.53,15.74,Electronics,2022-03-10 21:32:57
Subway,18,475.37,115.01,35.42,Food Services,2021-05-21 19:37:55
Walmart,14,179.22,23.51,18.71,Retail,2021-01-26 10:45:26
Walmart,8,214.5,62.3,9.0,Retail,2021-10-19 14:18:48
Lowe's,20,108.89,8.74,5.19,Home Improvement,2022-01-04 06:37:13
Subway,2,38.17,2.88,2.28,Food Services,2022-08-15 21:39:46
Ross,7,123.37,8.1,11.98,Retail,2021-01-14 21:52:13
Walmart,15,246.84,11.22,13.47,Retail,2022-11-11 11:24:22
KFC,20,28.73,0.48,2.06,Food Services,2022-11-02 14:25:53
Home Depot,9,393.33,58.34,43.55,Home Improvement,2021-03-19 23:55:53
Best Buy,5,44.62,9.71,3.94,Electronics,2022-10-21 06:28:21
KFC,7,424.22,86.36,46.54,Food Services,2022-04-28 02:58:55
McDonalds,18,259.82,23.3,17.69,Food Services,2021-05-24 22:29:33
Target,3,55.09,6.85,4.45,Retail,2021-07-17 11:47:55
Best Buy,5,59.88,17.2,2.65,Electronics,2022-12-16 10:36:22
Ross,2,207.2,34.75,18.37,Retail,2022-12-25 05:24:37
KFC,19,488.58,137.48,25.84,Food Services,2021-01-14 03:28:50
Walmart,2,15.78,3.76,0.99,Retail,2022-05-05 14:30:55
Burger King,3,145.94,20.43,18.51,Food Services,2021-03-24 19:45:32
Home Depot,8,136.09,36.81,10.83,Home Improvement,2022-07-21 19:31:31
KFC,4,447.17,73.04,32.56,Food Services,2022-12-17 04:59:21
Starbucks,12,31.72,3.89,4.01,Food Services,2022-09-13 17:02:36
Target,9,434.52,0.92,42.9,Retail,2021-06-21 06:28:20
McDonalds,3,214.97,34.43,10.34,Food Services,2021-05-17 16:22:25
KFC,20,120.51,20.0,7.9,Food Services,2022-07-03 01:57:43
Best Buy,13,33.96,3.64,2.92,Electronics,2022-03-15 15:07:21
McDonalds,15,255.13,69.93,27.18,Food Services,2022-11-26 11:45:53
McDonalds,12,487.49,88.89,33.54,Food Services,2022-06-26 11:01:49
Subway,20,450.54,107.39,45.07,Food Services,2021-11-26 08:12:57
KFC,4,161.22,20.42,10.41,Food Services,2022-10-23 21:22:09
Target,13,477.04,101.21,52.07,Retail,2022-07-06 20:49:02
Burger King,7,397.06,8.14,34.1,Food Services,2021-06-11 04:01:03
Ross,7,29.08,7.05,3.21,Retail,2022-05-21 07:37:03
Costco,4,394.27,64.89,18.0,Retail,2021-04-29 16:54:43
Ross,12,233.51,23.79,30.08,Retail,2021-08-13 14:05:00
Target,14,370.72,110.2,30.68,Retail,2022-05-30 22:52:58
Lowe's,5,207.57,61.16,12.48,Home Improvement,2021-04-05 17:05:07
Walmart,5,349.61,34.14,22.19,Retail,2022-07-08 08:09:31
Starbucks,12,309.51,8.71,28.21,Food Services,2022-05-09 17:52:18
Best Buy,20,119.08,16.25,5.82,Electronics,2021-03-01 01:33:41
McDonalds,7,458.03,132.4,45.94,Food Services,2021-06-03 16:49:49
Target,12,8.62,1.8,0.92,Retail,2021-01-08 11:45:34
Target,20,34.39,1.7,1.89,Retail,2022-06-02 18:30:19
Home Depot,18,448.24,19.54,40.97,Home Improvement,2022-02-21 21:41:22
KFC,11,11.66,0.08,1.12,Food Services,2022-07-04 10:03:06
Walmart,8,265.57,53.7,30.11,Retail,2021-03-19 06:47:20
Home Depot,5,425.74,73.44,49.83,Home Improvement,2022-03-21 17:14:37
Home Depot,1,435.44,69.4,39.28,Home Improvement,2022-12-23 00:19:32
Ross,20,92.84,27.4,6.23,Retail,2021-01-09 13:52:11
Best Buy,2,465.45,65.72,39.36,Electronics,2021-07-28 04:05:57
KFC,15,172.32,31.52,16.23,Food Services,2021-03-19 04:25:18
Ross,19,337.58,73.01,14.3,Retail,2022-01-12 21:50:04
Lowe's,9,215.1,49.25,24.39,Home Improvement,2021-01-25 07:25:17
Burger King,11,194.22,13.72,19.63,Food Services,2022-02-20 11:56:01
KFC,7,487.38,113.86,51.47,Food Services,2022-06-22 10:21:13
Ross,10,269.1,56.58,19.91,Retail,2022-12-17 20:55:04
Subway,4,498.32,38.31,32.98,Food Services,2022-04-24 20:53:10
Target,13,78.89,19.1,8.66,Retail,2021-11-16 08:44:30
Best Buy,16,442.96,35.11,34.97,Electronics,2022-10-25 09:54:46
Target,13,181.07,52.71,11.7,Retail,2021-07-22 20:20:00
Walmart,7,463.24,51.0,24.42,Retail,2021-01-10 20:28:41
Home Depot,14,105.68,13.48,6.9,Home Improvement,2022-05-21 05:09:34
KFC,14,162.53,0.82,18.35,Food Services,2021-02-27 22:53:08
McDonalds,10,466.2,28.68,32.18,Food Services,2022-06-25 12:04:53
Home Depot,11,150.08,36.7,7.44,Home Improvement,2022-05-20 02:45:05
Best Buy,16,8.45,0.33,0.93,Electronics,2021-02-21 13:26:57
Walmart,10,422.57,91.86,23.07,Retail,2022-02-26 21:16:52
Ross,11,155.96,8.65,12.13,Retail,2022-07-05 01:54:43
Starbucks,12,228.21,58.27,11.51,Food Services,2021-12-19 13:19:46
McDonalds,9,383.49,75.05,40.49,Food Services,2022-01-16 23:54:50
Walmart,11,446.9,114.95,27.98,Retail,2021-02-08 00:57:30
Target,16,185.62,35.21,21.1,Retail,2021-03-14 14:55:37
Burger King,18,145.22,38.3,12.01,Food Services,2022-10-18 18:55:44
Target,15,495.23,51.49,42.02,Retail,2022-05-17 20:49:04
Home Depot,18,21.3,3.46,2.03,Home Improvement,2021-10-03 05:19:15
Walmart,19,237.82,35.95,18.69,Retail,2022-06-16 15:53:32
Burger King,2,484.76,74.88,42.48,Food Services,2022-04-15 23:10:45
Best Buy,7,344.14,52.19,18.04,Electronics,2021-02-11 17:01:12
Starbucks,11,173.18,23.46,18.4,Food Services,2021-04-27 00:33:07
Best Buy,19,13.98,2.73,1.46,Electronics,2022-04-19 14:46:38
Home Depot,9,243.68,44.85,20.53,Home Improvement,2022-06-08 13:34:53
McDonalds,10,85.26,23.67,4.32,Food Services,2022-01-17 03:13:40
Burger King,8,490.87,146.29,26.56,Food Services,2021-09-26 08:25:15
McDonalds,19,359.81,16.09,44.28,Food Services,2021-05-31 09:36:18
McDonalds,20,303.77,76.08,31.12,Food Services,2022-01-13 13:57:39
Burger King,10,309.51,84.23,13.41,Food Services,2022-07-09 15:53:51
