Vendor Name,Number of Items,Total Price ($),Discount ($),Tax ($)
Home Depot,14,25.04,7.25,1.75
Starbucks,16,182.23,48.75,9.59
Ross,10,74.17,2.11,9.36
Best Buy,20,451.57,42.02,50.37
KFC,11,238.71,7.21,21.63
Subway,7,483.47,69.19,56.56
Starbucks,2,403.49,66.42,17.33
Burger King,13,356.58,83.98,30.67
Subway,16,414.89,41.46,45.94
Burger King,3,99.58,16.95,6.1
Ross,18,226.74,5.47,18.15
Best Buy,16,58.98,9.75,5.94
Best Buy,11,408.16,66.16,50.06
Subway,18,295.87,39.5,28.11
Home Depot,11,289.95,25.25,18.25
Ross,2,308.32,60.74,24.18
Costco,5,439.0,121.61,42.61
Burger King,18,343.33,86.3,26.33
Best Buy,8,425.5,114.25,33.92
Home Depot,19,141.23,20.87,13.74
Burger King,12,45.77,8.41,3.69
KFC,11,423.31,30.86,48.33
Costco,8,189.17,9.68,16.62
Walmart,4,392.64,100.75,20.98
Subway,18,303.07,6.73,18.5
McDonalds,20,415.89,14.93,23.72
Costco,2,304.72,17.79,42.2
Burger King,4,242.22,52.84,10.63
KFC,1,274.4,51.09,29.83
Costco,8,40.63,3.67,3.46
Walmart,17,236.23,42.27,23.26
Home Depot,7,133.77,36.29,9.46
Subway,6,350.36,21.38,41.69
KFC,6,423.49,43.49,28.53
Subway,15,334.47,1.32,39.35
Subway,17,459.17,89.39,32.86
KFC,9,80.94,16.77,6.15
Costco,11,370.81,60.55,19.7
Lowe's,12,307.02,62.02,26.71
KFC,20,70.51,6.56,7.98
KFC,3,5.75,0.33,0.45
McDonalds,8,320.51,36.41,39.08
Subway,14,20.62,5.39,1.63
KFC,2,87.01,1.67,10.25
Lowe's,17,443.05,120.69,35.59
Walmart,2,249.82,23.39,21.89
Home Depot,7,276.54,79.9,29.07
Burger King,5,493.48,59.49,51.15
Target,1,110.69,23.82,4.36
KFC,17,307.97,17.6,32.18
McDonalds,10,143.59,42.15,6.09
Home Depot,3,15.81,4.33,1.49
Costco,9,71.04,11.1,6.9
Target,4,436.57,36.46,20.75
Walmart,7,342.09,57.3,41.19
Subway,2,423.95,122.25,33.42
Lowe's,15,321.87,35.96,29.68
McDonalds,13,295.63,0.79,19.19
Target,11,395.86,85.33,26.03
Subway,2,25.4,1.25,3.58
Starbucks,12,200.42,32.98,13.28
Lowe's,8,467.21,43.15,57.55
Burger King,3,154.82,38.81,9.27
Costco,4,282.61,40.8,20.24
Target,4,242.15,50.82,17.73
Starbucks,11,368.7,98.93,38.3
KFC,19,190.91,55.82,15.39
Costco,3,103.03,6.83,8.51
Costco,13,280.45,24.38,36.37
Subway,7,214.4,23.69,28.39
Starbucks,19,389.66,50.41,29.13
Costco,1,451.99,61.24,45.99
Costco,16,201.99,12.56,10.27
McDonalds,20,77.45,4.6,6.4
Best Buy,5,56.85,10.17,4.61
Subway,13,320.99,40.76,28.62
KFC,11,417.6,125.05,33.21
McDonalds,18,306.84,20.14,24.09
Burger King,11,409.97,4.36,26.3
Starbucks,20,393.16,99.35,31.82
Burger King,16,37.85,0.96,5.05
Walmart,3,116.42,1.42,5.93
Lowe's,11,431.64,103.68,44.89
Lowe's,12,254.97,68.93,18.65
Subway,3,340.89,82.34,32.52
Costco,14,453.36,28.03,44.04
Subway,14,413.72,59.85,45.69
Home Depot,20,295.26,75.41,28.54
KFC,1,371.67,33.72,36.17
Target,3,249.29,19.59,30.44
Home Depot,13,405.97,7.58,45.46
Ross,8,147.11,36.63,6.14
Walmart,16,211.84,31.26,24.62
Burger King,3,338.4,15.37,48.03
Home Depot,2,307.83,35.71,14.89
Lowe's,5,15.01,2.69,0.78
Target,4,351.54,68.44,19.67
Lowe's,4,441.23,80.76,34.86
KFC,11,326.98,95.1,28.14
Starbucks,5,479.44,55.76,33.63
Burger King,4,261.91,61.72,13.8
Home Depot,15,188.93,10.8,15.26
KFC,3,478.47,129.46,18.85
Starbucks,1,472.67,94.51,40.53
McDonalds,8,51.27,12.6,5.37
Best Buy,17,212.96,19.51,11.87
Home Depot,19,213.92,5.39,12.61
Costco,4,210.5,9.86,29.18
Lowe's,14,344.78,3.12,48.49
Target,9,43.88,0.93,3.69
Walmart,12,177.2,0.53,26.05
Target,3,300.31,12.91,14.46
KFC,4,375.25,33.01,40.71
Subway,8,430.29,24.14,24.87
Target,9,69.43,20.13,4.25
Lowe's,10,151.69,39.97,11.77
Target,6,298.54,7.24,30.1
Starbucks,6,191.41,8.44,11.44
McDonalds,11,256.62,18.22,16.31
Target,14,333.28,86.08,27.22
Home Depot,3,352.57,13.96,27.07
Home Depot,5,297.58,26.61,23.16
McDonalds,15,318.23,60.82,26.49
Home Depot,14,9.17,2.65,0.91
Lowe's,7,188.94,53.98,7.98
Ross,4,142.1,23.8,14.06
Burger King,15,464.49,25.83,40.43
Ross,8,479.97,49.01,44.1
Target,15,317.6,8.24,38.83
Starbucks,1,415.94,56.04,34.62
McDonalds,10,61.66,18.11,3.49
Subway,5,214.98,48.46,9.87
Lowe's,8,274.15,33.33,27.26
Walmart,4,138.69,27.81,5.55
Home Depot,17,445.83,94.96,33.14
Burger King,9,180.14,47.09,15.6
McDonalds,20,47.2,1.0,3.52
Best Buy,11,63.5,16.37,6.55
Ross,3,210.34,18.28,19.59
Subway,17,315.43,50.28,24.15
KFC,18,204.69,47.81,20.21
Starbucks,15,189.04,35.66,10.08
Burger King,4,193.81,34.37,10.2
KFC,10,180.26,25.56,14.16
Lowe's,16,348.87,33.31,36.35
Walmart,15,153.59,34.34,6.59
Subway,7,17.65,2.5,2.1
Walmart,17,489.56,100.88,22.6
Burger King,13,8.18,0.1,0.91
Starbucks,10,364.91,24.82,42.57
Starbucks,7,57.2,7.91,4.09
Ross,11,213.75,57.53,14.61
Lowe's,5,264.46,10.25,35.85
Lowe's,12,395.72,46.17,45.68
Home Depot,8,398.81,52.56,24.39
Burger King,2,453.38,4.53,50.86
Ross,12,33.21,6.36,1.81
Subway,10,308.19,65.18,24.6
Starbucks,12,208.66,3.38,24.57
KFC,18,465.23,130.37,36.2
Lowe's,9,353.54,22.85,25.33
Walmart,2,85.61,0.1,9.87
Ross,3,394.41,80.52,46.16
Home Depot,18,461.09,62.76,33.44
Costco,20,442.0,105.39,27.7
Lowe's,11,131.47,20.59,7.65
Costco,7,435.62,45.18,52.21
Starbucks,10,159.55,41.16,8.93
Target,8,27.03,7.58,1.11
Lowe's,16,363.68,5.18,46.93
Lowe's,15,222.85,5.72,16.09
Ross,14,442.71,28.35,46.11
Home Depot,18,378.64,94.21,15.34
Ross,8,247.56,9.51,32.64
Target,11,497.36,16.01,67.37
Subway,18,395.57,84.38,39.75
Best Buy,20,233.73,44.48,14.62
Walmart,4,309.36,66.07,16.36
Home Depot,8,112.94,29.81,12.45
Walmart,18,260.07,67.03,12.0
KFC,9,63.53,14.05,4.25
KFC,18,332.0,22.07,41.28
McDonalds,3,261.49,52.92,15.3
KFC,16,146.98,7.56,18.26
Best Buy,17,167.3,29.38,7.24
Ross,13,81.85,4.34,11.56
Ross,7,391.81,91.07,32.16
Burger King,7,121.48,4.82,8.56
Home Depot,12,306.21,12.18,29.36
Costco,20,417.8,65.98,30.21
Lowe's,10,11.25,0.74,1.21
KFC,16,405.57,89.72,33.04
Burger King,3,133.28,24.16,13.13
Target,10,195.13,3.46,10.32
Burger King,8,174.87,23.15,18.6
KFC,8,133.75,26.95,8.6
Target,19,272.06,59.77,13.82
Walmart,16,315.78,2.33,17.08
McDonalds,11,37.94,0.71,5.48
Home Depot,5,446.75,29.02,39.07
Target,10,92.58,9.13,12.41
Burger King,14,194.42,23.87,13.03
Best Buy,15,380.75,64.51,19.69
Home Depot,6,6.54,0.27,0.86
Best Buy,5,44.43,3.16,5.48
Ross,8,473.25,135.81,47.12
Burger King,18,88.32,2.08,12.31
Subway,4,312.15,42.84,17.51
Subway,2,129.97,31.42,12.15
Walmart,2,250.69,26.95,26.21
Lowe's,8,256.18,12.47,30.54
Target,9,402.65,114.08,14.86
Best Buy,10,277.47,81.35,24.96
Subway,18,134.91,27.8,10.24
Burger King,4,204.87,30.48,9.08
Burger King,2,130.69,26.68,12.51
Starbucks,7,382.49,59.24,28.64
Starbucks,7,62.42,18.38,5.75
McDonalds,19,338.56,54.11,39.13
Ross,5,168.68,37.82,6.66
Walmart,19,82.3,8.51,5.84
Starbucks,11,249.96,30.27,20.45
Ross,1,395.23,67.42,30.88
Target,1,474.56,68.4,58.76
KFC,9,374.9,21.11,37.11
Home Depot,9,475.15,24.78,30.17
KFC,6,291.95,82.47,23.72
Best Buy,20,195.43,25.48,13.79
Walmart,14,390.37,96.0,22.97
Starbucks,18,266.0,25.37,20.27
Burger King,14,396.8,100.56,37.03
Ross,19,195.15,27.17,9.01
Home Depot,20,400.25,91.29,43.25
Target,17,490.87,23.34,32.47
Target,16,14.48,3.19,1.21
McDonalds,9,96.65,21.98,6.87
Subway,15,122.18,26.16,13.09
Burger King,4,479.21,23.65,64.85
Home Depot,13,470.49,35.67,60.08
Target,20,167.24,15.4,15.07
Starbucks,7,382.36,44.35,43.11
KFC,13,350.06,86.38,28.55
Target,19,67.77,14.44,4.42
Walmart,13,239.49,37.48,10.94
Subway,12,183.71,3.82,21.9
KFC,18,238.2,22.48,28.94
Walmart,11,199.36,7.49,28.64
KFC,9,206.18,8.79,12.78
Starbucks,17,34.62,1.3,2.11
Lowe's,2,366.26,57.09,40.92
Burger King,13,475.09,49.13,46.25
Costco,3,282.1,68.83,14.96
Starbucks,11,351.7,26.79,24.67
Lowe's,5,379.55,51.11,21.44
KFC,19,92.6,14.23,10.94
Target,3,100.48,23.84,8.51
Lowe's,17,83.9,8.4,8.72
Lowe's,18,33.3,0.82,3.31
Walmart,3,56.47,10.29,4.94
Target,13,258.64,76.6,24.78
Costco,5,161.86,1.1,19.83
Walmart,11,443.54,25.73,38.18
Walmart,10,399.4,109.24,31.93
Burger King,6,182.15,45.64,7.88
Walmart,15,180.72,48.89,16.56
KFC,10,283.55,68.37,19.63
Walmart,15,402.19,22.98,33.66
Target,4,66.07,6.95,4.0
Subway,1,164.79,39.09,15.66
Burger King,16,240.88,62.0,18.53
Home Depot,9,18.76,2.9,2.12
Costco,11,182.48,5.39,26.0
Ross,17,314.64,27.1,15.44
Home Depot,11,82.65,13.59,4.47
Ross,6,321.86,23.42,41.15
Subway,11,473.07,68.54,56.14
KFC,13,26.86,1.94,1.95
Ross,8,179.28,8.8,15.7
Target,19,73.31,12.42,3.13
Subway,1,345.04,74.37,18.19
Ross,1,17.46,1.69,0.79
Walmart,4,288.64,12.79,18.02
Home Depot,1,212.27,36.17,20.89
Burger King,8,461.66,50.42,29.47
Home Depot,3,69.25,11.76,4.89
Costco,14,448.37,33.04,36.62
Home Depot,8,324.41,38.64,30.9
Starbucks,9,443.09,49.42,20.54
Subway,16,438.99,36.39,44.73
Home Depot,4,269.56,68.95,12.92
Home Depot,1,385.03,84.44,44.38
Home Depot,4,358.03,64.89,19.39
Target,16,208.49,36.92,25.67
Starbucks,17,60.7,6.71,3.47
Target,16,316.98,71.65,17.07
Starbucks,6,363.11,35.37,28.84
Walmart,10,277.96,2.91,25.04
Home Depot,7,176.7,7.01,18.89
Ross,1,218.14,26.07,11.07
Burger King,3,390.01,63.76,34.38
Ross,5,107.69,7.37,10.29
Lowe's,12,450.43,84.23,28.86
Target,4,402.27,110.32,39.07
Starbucks,6,174.52,26.26,12.33
Burger King,5,456.52,134.84,40.01
Starbucks,8,440.84,131.28,26.21
Lowe's,17,156.55,19.26,12.44
Costco,5,78.08,13.67,7.3
Best Buy,4,349.94,67.96,19.88
KFC,20,490.95,16.38,56.4
Subway,6,191.05,45.47,7.43
Target,16,162.59,32.97,11.27
Burger King,9,334.94,81.6,18.46
Ross,18,278.06,74.63,26.05
Best Buy,6,17.76,3.43,0.96
Best Buy,14,306.09,19.11,34.67
Home Depot,9,15.48,0.62,1.32
Lowe's,19,31.56,3.55,3.65
KFC,19,205.57,14.38,26.26
Walmart,16,311.9,25.14,28.89
Best Buy,13,238.98,12.98,23.53
Ross,10,426.83,106.49,20.62
Costco,3,241.67,41.04,18.26
Costco,9,243.73,59.55,14.67
Target,4,73.62,19.08,7.22
Ross,19,281.57,0.6,38.27
Best Buy,20,247.72,51.31,28.11
Best Buy,12,437.98,45.07,23.48
Walmart,8,117.19,29.48,7.12
McDonalds,1,250.34,71.11,18.08
Target,3,43.36,7.46,2.61
Target,13,431.06,18.81,32.48
McDonalds,16,331.7,77.77,19.88
Subway,5,416.42,14.92,34.33
Lowe's,8,329.81,37.0,41.46
Home Depot,9,182.81,21.99,20.36
Starbucks,4,242.47,21.19,20.93
Target,8,372.94,104.01,22.54
McDonalds,4,342.15,100.11,23.35
Lowe's,19,415.11,27.48,34.86
Starbucks,16,120.16,18.67,5.09
Lowe's,11,200.16,57.03,18.9
Home Depot,2,289.81,3.52,16.99
McDonalds,11,93.39,5.07,10.59
Walmart,8,476.68,1.16,49.2
Ross,4,411.65,74.82,47.58
Costco,15,102.86,0.05,14.36
Home Depot,3,270.78,75.22,14.22
Home Depot,13,239.97,0.03,17.04
Walmart,20,477.5,4.09,40.1
Target,11,340.2,65.39,30.12
Costco,9,472.87,101.41,28.71
Burger King,5,312.3,61.73,22.02
Subway,11,104.82,15.97,5.51
Costco,16,66.65,17.86,4.73
Lowe's,18,173.21,21.63,13.3
Subway,17,171.12,42.2,9.46
McDonalds,12,242.87,68.13,9.15
Burger King,1,278.47,80.08,25.3
McDonalds,14,124.32,17.8,6.83
Lowe's,10,183.19,26.72,22.4
Ross,17,343.83,19.35,46.49
KFC,4,473.37,22.03,24.22
Subway,6,384.05,53.99,38.87
Home Depot,16,100.07,11.74,11.37
Target,17,97.88,9.63,8.99
Best Buy,20,293.43,13.39,33.29
Lowe's,19,464.76,83.39,20.32
Lowe's,20,422.55,70.46,24.52
Walmart,2,71.41,9.5,7.27
McDonalds,4,431.66,98.06,30.88
KFC,10,443.28,44.97,47.22
Ross,12,280.9,30.05,23.53
Lowe's,11,423.77,59.57,23.55
Costco,5,477.15,56.41,40.55
Best Buy,7,446.6,94.35,18.36
McDonalds,3,427.68,75.12,48.44
Home Depot,18,109.18,0.14,16.31
Ross,17,323.27,47.49,24.27
Best Buy,3,43.75,12.73,3.08
Walmart,7,212.57,48.29,13.34
Burger King,1,384.84,27.61,52.44
Walmart,19,432.48,66.51,23.91
Starbucks,4,298.79,24.96,36.65
McDonalds,13,195.11,29.67,13.89
Subway,9,468.12,6.18,37.67
Subway,19,245.09,70.23,17.96
Home Depot,11,195.84,51.24,8.92
Subway,5,382.01,101.44,17.36
Home Depot,8,20.74,1.69,1.68
Target,10,190.0,45.78,9.94
Best Buy,18,34.5,5.33,1.5
Lowe's,1,320.39,24.78,18.85
Costco,20,282.81,81.05,25.38
Starbucks,19,56.57,1.27,8.29
Ross,16,22.16,5.59,1.2
Costco,18,418.99,27.27,26.53
KFC,8,202.52,36.99,20.61
Target,6,138.24,40.35,8.31
Best Buy,7,111.95,27.82,12.48
Starbucks,18,333.9,77.09,14.98
Target,10,436.75,102.47,27.52
Costco,20,11.99,2.89,0.61
Starbucks,7,258.79,26.89,22.01
Home Depot,17,268.29,32.93,13.66
Lowe's,11,91.2,6.59,7.93
Burger King,10,20.52,5.14,1.75
Starbucks,3,436.08,86.5,28.56
Best Buy,10,28.97,6.16,3.08
Burger King,17,74.31,13.31,7.84
Home Depot,9,293.3,22.3,22.03
Best Buy,16,445.25,94.61,32.39
Ross,17,30.39,6.44,2.34
Walmart,8,45.15,1.33,2.99
Ross,15,12.52,2.83,0.99
Costco,17,127.03,10.73,10.52
Lowe's,2,86.29,22.96,6.49
McDonalds,8,79.82,19.13,7.82
Ross,18,491.55,80.25,28.02
Burger King,14,463.0,97.96,23.98
Best Buy,5,441.13,76.94,24.33
McDonalds,17,493.87,44.36,61.48
Burger King,1,362.36,85.88,37.25
Walmart,14,88.07,13.36,5.32
Best Buy,17,249.13,9.47,14.04
Walmart,3,10.22,2.29,0.59
Home Depot,15,338.68,100.05,35.15
KFC,13,132.84,3.05,16.38
Subway,8,371.68,95.67,34.82
Walmart,17,405.51,84.32,24.06
Burger King,5,301.91,79.72,17.53
Subway,5,178.84,19.21,21.23
Starbucks,17,322.62,24.54,15.57
Burger King,7,306.24,31.18,22.04
Ross,16,410.27,115.4,35.41
Target,12,427.32,77.31,31.36
Home Depot,17,152.46,37.27,12.26
McDonalds,7,218.51,17.38,13.42
Ross,20,261.1,70.5,24.35
Best Buy,16,458.95,35.66,33.93
KFC,17,30.82,6.75,3.53
Lowe's,3,14.05,2.52,1.56
Walmart,7,470.08,26.09,29.91
KFC,12,306.65,24.62,33.12
KFC,1,15.22,4.18,0.74
Starbucks,8,199.56,29.92,14.64
Target,3,293.13,68.77,26.91
Ross,1,298.97,24.44,34.0
Home Depot,7,163.04,38.92,12.37
Ross,20,297.75,36.42,29.46
McDonalds,1,31.81,8.56,1.24
KFC,5,253.72,31.92,18.45
KFC,20,98.59,1.82,14.24
Target,9,245.59,35.46,29.69
Starbucks,3,232.04,52.53,25.1
Best Buy,9,281.67,34.19,23.46
KFC,6,305.7,38.44,16.74
KFC,4,294.34,9.84,19.52
Lowe's,10,344.79,10.34,42.29
Starbucks,9,393.64,75.02,32.15
Best Buy,3,9.0,1.64,1.08
Ross,4,207.01,48.68,15.54
Walmart,11,317.8,13.39,36.62
KFC,19,376.0,25.39,24.87
Walmart,2,301.55,36.13,28.14
Burger King,10,206.31,55.21,22.0
Best Buy,2,372.64,49.82,33.65
Best Buy,5,323.9,57.19,17.83
Costco,19,237.45,19.08,15.54
KFC,1,433.13,112.04,32.86
Costco,1,321.54,14.9,19.65
Best Buy,5,469.46,16.13,37.73
Burger King,11,419.59,41.57,47.29
Costco,12,107.52,14.55,10.99
Lowe's,18,265.59,6.44,24.33
Home Depot,18,242.62,31.0,12.15
McDonalds,5,323.92,80.54,24.62
Ross,3,75.87,0.78,8.59
Costco,3,264.56,44.87,18.72
KFC,16,204.05,49.88,19.18
Subway,15,258.64,18.02,24.11
Burger King,13,391.92,43.03,45.09
Walmart,8,289.31,41.25,21.53
Subway,8,275.15,42.81,14.21
Walmart,19,182.55,51.62,8.9
Starbucks,16,244.15,66.96,25.64
Walmart,8,328.9,47.11,34.53
Target,6,461.4,105.37,34.9
KFC,6,417.38,87.07,39.14
Subway,16,110.45,0.9,10.45
Subway,20,413.82,83.29,36.74
Target,19,167.24,21.57,18.49
KFC,5,258.64,30.37,19.83
Starbucks,8,109.63,31.66,8.08
Target,15,122.89,12.45,12.51
Target,8,76.24,17.38,6.18
Best Buy,20,61.8,17.09,4.38
Burger King,6,302.16,54.86,29.92
Costco,18,250.88,15.83,20.91
Best Buy,7,180.2,21.99,19.47
Walmart,7,478.51,86.69,26.0
Best Buy,15,45.06,6.78,4.55
Home Depot,11,425.01,94.7,39.64
Burger King,13,31.95,8.77,3.23
Target,6,382.64,70.6,33.04
Starbucks,18,450.05,115.13,32.88
McDonalds,3,364.46,108.85,32.98
Costco,17,495.02,126.9,39.85
Target,20,497.34,134.45,26.67
Walmart,4,412.67,90.39,19.06
Subway,13,356.34,82.55,29.45
Subway,17,479.41,126.74,27.43
Ross,6,297.24,20.15,17.46
McDonalds,9,250.52,22.81,28.11
Starbucks,7,43.83,11.81,3.73
Ross,7,435.84,2.25,45.0
Lowe's,5,378.9,84.26,17.14
Burger King,20,426.92,110.98,40.81
Burger King,8,7.01,0.3,0.47
Subway,1,212.01,9.25,21.06
Best Buy,11,475.04,95.46,36.31
KFC,15,119.56,23.28,11.88
KFC,7,54.69,8.04,3.98
Subway,10,112.85,18.7,5.32
Home Depot,4,477.32,130.09,20.67
Ross,15,76.37,5.99,8.68
McDonalds,6,370.84,29.49,50.32
Home Depot,17,30.38,7.59,2.03
Burger King,13,277.04,64.18,25.81
Subway,5,329.75,30.21,28.27
Subway,14,109.02,6.65,15.25
Costco,18,204.05,31.02,16.72
KFC,6,20.98,1.47,1.16
Home Depot,14,39.48,9.81,2.11
McDonalds,7,248.43,14.27,31.83
Best Buy,5,303.88,50.16,25.87
Subway,14,302.37,78.44,31.64
KFC,16,321.82,58.2,13.94
Target,7,352.52,3.67,24.34
McDonalds,17,342.64,84.87,16.58
Lowe's,16,50.25,4.16,5.3
Home Depot,11,370.32,104.1,37.2
Starbucks,3,309.07,76.65,20.23
Subway,3,118.9,4.85,16.21
McDonalds,1,245.04,10.58,31.53
Target,5,62.3,6.01,6.66
Costco,12,452.32,114.1,23.68
Starbucks,17,350.17,68.39,34.87
Home Depot,2,75.65,1.75,8.35
Ross,17,98.07,17.72,6.83
Subway,5,438.71,56.51,47.43
Costco,6,73.95,20.32,5.56
Ross,2,152.94,21.57,7.69
Target,4,54.99,4.05,2.76
Burger King,19,47.7,11.76,4.45
Starbucks,18,397.53,19.38,42.55
KFC,19,474.33,110.94,23.98
Lowe's,8,11.51,0.5,1.21
Ross,5,424.87,103.33,35.11
Ross,3,57.27,1.64,6.25
Subway,9,291.27,86.68,24.72
Ross,15,34.01,3.4,3.48
Home Depot,1,491.99,96.37,28.18
Costco,19,361.81,26.9,34.26
Lowe's,11,487.17,1.56,36.44
Subway,17,276.12,10.7,22.08
Subway,18,494.18,136.99,28.51
Lowe's,9,122.27,23.74,13.83
Starbucks,3,187.12,25.26,14.35
KFC,15,30.72,7.16,1.85
Subway,14,236.76,59.87,22.0
McDonalds,6,419.54,33.58,51.71
Burger King,9,102.93,27.18,5.79
Home Depot,5,306.3,24.64,38.69
Burger King,1,107.84,8.47,11.99
Costco,1,220.86,21.37,24.35
McDonalds,11,208.1,58.14,21.93
Costco,8,181.96,39.36,13.87
Ross,12,216.71,28.37,16.28
Costco,3,281.03,38.18,14.48
Best Buy,13,329.02,23.44,34.75
Costco,14,33.36,8.42,2.75
Starbucks,9,265.79,44.49,26.06
Walmart,5,5.75,0.59,0.43
McDonalds,8,190.37,38.23,14.62
Best Buy,6,469.08,56.34,24.9
Costco,11,363.74,34.1,20.27
Starbucks,3,55.67,10.3,5.63
McDonalds,4,343.59,45.82,19.82
Starbucks,6,222.73,55.58,8.81
Home Depot,1,480.59,14.48,27.17
Home Depot,7,131.96,15.2,11.25
Subway,17,282.07,31.14,23.22
Walmart,19,213.36,60.61,11.21
Target,17,160.35,30.25,16.44
Lowe's,9,175.57,40.84,9.25
McDonalds,15,165.16,1.15,15.98
Burger King,10,339.42,2.14,20.3
Burger King,17,410.18,22.42,51.04
Burger King,20,169.23,6.75,16.11
Lowe's,15,187.03,11.08,12.39
Lowe's,5,331.55,71.52,31.03
Best Buy,13,308.65,19.25,26.86
Best Buy,16,360.13,37.03,45.71
McDonalds,20,151.11,34.66,16.16
Home Depot,15,353.46,74.39,15.75
Walmart,3,176.34,34.03,12.54
KFC,8,145.18,42.32,10.84
KFC,14,319.43,64.53,16.67
KFC,14,459.38,54.42,57.48
Subway,20,154.48,25.38,10.38
Subway,6,176.6,22.49,22.48
Starbucks,3,342.45,101.73,17.6
Walmart,20,172.73,9.49,22.71
Costco,4,92.7,16.8,5.53
Ross,1,328.83,97.43,32.82
Home Depot,14,93.86,11.17,6.71
Best Buy,2,83.9,3.97,11.16
KFC,4,239.43,52.65,23.04
Starbucks,10,198.64,34.92,12.56
Lowe's,3,34.63,6.76,3.7
McDonalds,15,318.63,52.4,18.79
Costco,14,25.02,5.96,1.13
Walmart,10,157.87,0.06,17.75
Ross,20,434.6,61.24,21.7
Ross,1,474.02,79.74,51.08
Costco,3,305.73,60.63,17.2
Costco,16,219.25,7.57,25.77
Lowe's,17,364.93,18.4,20.86
Target,14,258.17,6.25,25.36
Walmart,18,127.82,27.96,14.93
Target,17,457.88,77.16,40.81
Home Depot,10,124.88,25.98,6.45
Home Depot,12,368.92,104.3,26.61
Walmart,1,5.61,0.43,0.61
McDonalds,5,97.18,24.15,9.02
KFC,5,141.38,11.06,8.33
Walmart,6,459.16,48.39,51.22
McDonalds,4,253.33,37.62,24.42
Target,7,319.22,59.14,30.96
Target,13,385.88,110.83,35.06
Home Depot,18,181.67,34.76,10.75
Walmart,14,270.86,63.25,13.69
Starbucks,2,373.54,30.0,19.91
Target,14,8.85,1.8,0.51
Burger King,6,130.43,36.26,12.46
KFC,4,89.62,5.36,8.99
Subway,3,206.97,50.51,18.44
Starbucks,1,19.87,3.62,1.35
Home Depot,8,293.61,72.09,31.34
Walmart,18,377.78,100.96,26.41
Best Buy,15,298.61,86.16,31.1
Target,12,62.93,14.95,4.41
Ross,16,435.37,29.79,47.89
KFC,13,383.28,1.7,52.22
McDonalds,20,375.45,46.56,29.35
Ross,14,193.73,25.85,24.52
Burger King,7,130.09,27.36,6.76
Subway,1,153.9,45.64,7.41
Ross,9,92.3,7.11,11.95
Home Depot,11,271.55,34.57,22.85
Starbucks,20,160.98,12.19,11.68
Subway,17,16.54,4.65,1.21
Best Buy,7,213.83,46.89,21.06
Burger King,2,482.87,60.04,24.76
Starbucks,1,19.51,3.97,1.38
Best Buy,12,276.9,43.52,24.64
Burger King,16,291.19,70.43,27.7
Subway,12,109.07,14.08,6.83
Ross,20,229.31,8.85,31.61
Target,15,430.76,126.92,30.04
Starbucks,16,173.86,27.38,19.05
McDonalds,2,183.58,28.13,13.89
Best Buy,20,52.62,14.12,3.87
Ross,3,467.28,27.27,23.19
Lowe's,3,288.97,4.38,32.13
Subway,5,283.76,6.89,23.72
Ross,15,456.85,5.86,27.21
Costco,20,340.19,31.27,24.97
Subway,12,94.34,0.2,11.81
Home Depot,13,318.27,8.72,41.94
Lowe's,14,336.34,89.49,15.93
McDonalds,14,315.89,18.2,17.02
Ross,15,164.32,14.36,19.65
Target,8,85.32,24.97,7.27
McDonalds,16,81.4,13.11,7.54
Burger King,11,91.23,18.09,4.85
Target,4,60.66,5.86,4.54
Target,1,98.67,19.23,9.05
Ross,18,83.72,24.08,3.46
Best Buy,9,448.76,14.24,38.19
Costco,13,234.61,46.68,22.68
Walmart,4,79.84,2.87,6.96
Costco,10,45.51,7.93,2.69
Burger King,10,423.36,51.18,25.01
Lowe's,9,383.21,72.04,35.68
Home Depot,9,446.94,23.76,28.01
Burger King,3,109.65,17.11,12.97
Target,15,435.19,85.99,20.63
Best Buy,14,399.54,119.59,26.84
Walmart,5,177.83,26.65,21.61
Costco,5,458.33,60.5,23.85
McDonalds,4,164.57,9.84,17.28
Target,16,430.88,76.23,40.34
Lowe's,17,493.06,129.86,46.26
Walmart,20,343.77,94.55,19.23
Best Buy,18,356.02,11.76,32.35
Costco,2,230.38,67.92,17.24
Subway,18,369.97,41.71,30.19
Subway,11,117.24,11.64,10.5
Best Buy,1,487.77,70.51,26.7
Costco,18,425.67,108.85,40.08
Costco,2,163.96,15.34,10.31
Costco,2,380.4,83.53,41.41
Target,13,493.3,140.82,39.46
Target,14,108.85,23.5,9.36
McDonalds,19,8.64,1.16,0.38
Ross,7,36.39,6.94,4.21
Target,9,442.1,103.06,32.29
Best Buy,14,248.13,60.22,19.1
Starbucks,15,396.72,39.52,41.82
Home Depot,9,464.68,1.99,62.03
Burger King,15,377.6,45.67,41.14
KFC,5,460.1,24.69,30.06
Ross,20,470.75,27.25,60.73
Starbucks,17,421.27,20.7,54.27
KFC,16,65.09,18.29,4.37
Ross,4,422.62,6.9,22.38
Burger King,3,395.82,85.82,42.87
Subway,5,77.84,4.9,6.27
Costco,4,191.45,7.21,19.78
Best Buy,7,305.58,69.99,25.21
Subway,10,52.25,6.56,6.82
Burger King,7,470.52,18.39,64.41
Starbucks,9,397.27,38.69,33.91
Burger King,11,275.39,62.34,19.1
Walmart,7,175.01,46.45,16.74
Home Depot,19,66.33,1.3,7.21
Starbucks,8,194.89,41.78,12.94
Ross,3,282.37,79.95,10.25
Subway,6,428.92,94.53,50.15
Target,15,423.09,88.0,43.27
Starbucks,15,145.2,17.62,6.68
Lowe's,4,70.25,17.25,4.4
Subway,5,247.15,32.97,23.75
Ross,14,404.71,36.27,25.0
Subway,6,43.74,11.35,3.28
Lowe's,18,322.6,13.42,28.45
Target,5,347.48,58.54,42.85
Ross,3,50.99,1.72,4.82
Burger King,7,18.72,4.81,1.15
Target,19,130.08,35.46,11.82
Walmart,10,437.41,56.88,51.21
Burger King,16,12.35,3.04,1.14
Burger King,11,111.11,32.36,6.69
Ross,6,364.54,30.74,43.69
Costco,12,369.33,17.1,46.2
Burger King,20,414.72,107.63,16.2
Costco,6,463.67,57.27,23.44
Subway,8,270.17,17.5,31.39
Best Buy,20,398.1,92.29,40.08
Ross,20,296.23,4.3,42.59
Starbucks,7,270.63,40.07,11.92
Walmart,20,98.11,14.5,9.69
Best Buy,10,289.57,86.18,11.95
Target,18,404.81,0.1,60.19
Target,10,447.7,106.37,36.89
Walmart,19,209.24,4.45,29.96
Target,4,153.69,6.87,7.9
Walmart,20,455.01,54.67,37.31
Home Depot,19,235.19,57.34,12.01
Subway,15,271.27,52.73,11.23
Walmart,3,68.05,7.83,4.07
McDonalds,18,58.22,15.12,3.86
Starbucks,6,421.91,3.33,34.28
Home Depot,17,104.49,16.11,7.57
McDonalds,2,210.52,32.39,20.13
McDonalds,11,231.57,12.79,15.25
Walmart,7,64.0,14.54,4.1
Starbucks,5,94.35,20.4,5.74
Home Depot,4,379.6,111.0,36.46
Lowe's,6,397.23,93.59,27.63
Home Depot,5,282.25,37.47,27.49
Target,2,323.45,50.92,19.51
Home Depot,16,116.0,25.36,9.43
Ross,6,155.15,14.85,8.86
KFC,17,311.44,16.79,26.99
Walmart,12,73.17,11.31,7.52
KFC,20,138.68,17.34,17.42
Walmart,8,296.73,17.2,32.6
Burger King,9,248.58,61.98,10.41
Starbucks,4,182.79,10.68,14.47
McDonalds,7,98.07,11.13,9.0
Starbucks,6,485.26,50.42,38.73
Best Buy,2,269.65,55.41,16.15
Burger King,7,258.04,57.01,28.12
Costco,17,487.83,98.65,33.19
Ross,4,147.12,37.38,13.6
Starbucks,6,245.59,21.7,32.24
Best Buy,19,346.42,8.07,44.01
Target,14,137.94,13.56,17.28
Costco,5,234.47,44.13,19.16
Costco,15,203.52,29.44,23.01
Starbucks,16,74.78,1.02,8.78
Costco,15,298.76,6.11,17.94
Home Depot,8,149.48,4.81,20.86
Subway,10,490.31,133.79,38.01
Home Depot,14,264.27,18.02,31.41
Ross,4,475.13,76.3,25.74
Target,16,257.83,33.42,14.57
Subway,20,440.61,128.44,21.27
KFC,1,170.7,5.27,13.47
McDonalds,4,368.69,98.67,39.69
Costco,16,263.88,55.26,29.9
Starbucks,11,441.25,11.99,23.24
Home Depot,9,258.54,26.38,34.62
Target,9,362.88,81.08,39.52
Lowe's,5,23.93,0.7,3.33
Starbucks,11,130.84,0.7,16.04
KFC,8,408.74,89.6,47.14
Burger King,13,104.67,12.37,10.42
Best Buy,10,203.25,36.76,17.4
Costco,11,16.98,0.73,2.17
Walmart,18,149.45,8.83,16.24
McDonalds,19,46.01,3.08,4.01
KFC,10,15.26,2.11,1.49
Home Depot,7,84.41,23.11,3.13
Walmart,6,288.07,58.75,12.61
Target,2,335.57,87.04,24.76
Starbucks,19,396.44,87.58,32.01
KFC,16,493.76,91.35,53.43
Walmart,8,69.3,4.43,4.75
Ross,4,25.56,4.29,2.32
Burger King,20,219.68,42.87,15.83
Burger King,20,382.42,60.12,44.54
Target,17,109.31,20.02,9.41
KFC,13,299.44,68.04,22.17
Subway,8,463.2,36.67,49.58
Burger King,4,411.48,70.77,50.23
Burger King,17,137.27,18.39,16.84
Starbucks,11,345.56,74.25,37.06
Burger King,1,405.65,102.36,45.37
Target,19,57.2,3.37,6.31
Walmart,1,13.95,3.13,0.66
KFC,1,252.32,17.9,31.82
Best Buy,10,393.23,31.16,52.32
Home Depot,20,226.19,32.35,16.11
Subway,20,470.91,109.4,21.93
Burger King,3,81.02,11.09,9.19
Starbucks,20,458.79,130.41,41.58
Burger King,6,277.83,37.87,18.21
Costco,3,465.02,139.14,34.31
Starbucks,12,483.24,48.19,24.23
KFC,11,91.14,7.79,8.14
Best Buy,17,154.91,42.98,14.08
KFC,11,42.18,10.35,4.23
Lowe's,20,91.03,24.55,5.28
Starbucks,16,5.9,0.28,0.48
McDonalds,4,437.7,6.26,40.78
Home Depot,20,418.54,40.74,44.51
Lowe's,9,110.04,5.81,6.28
Burger King,13,283.17,22.46,16.61
Walmart,9,214.44,42.5,22.81
Starbucks,3,170.09,29.82,10.74
McDonalds,2,371.19,26.51,35.27
Walmart,13,162.75,25.6,18.9
Burger King,4,282.9,2.56,34.57
Target,5,400.16,28.93,36.84
Lowe's,14,93.95,7.4,4.66
KFC,10,425.3,93.92,37.32
McDonalds,13,7.71,1.99,0.72
Costco,5,498.38,89.5,57.02
Ross,1,25.58,4.1,1.42
Subway,5,43.88,1.99,2.88
Home Depot,1,187.78,19.39,17.91
Walmart,8,296.15,0.89,37.65
Target,11,47.71,8.23,4.68
Target,3,207.67,22.48,26.96
Starbucks,5,110.34,17.36,10.23
Best Buy,4,162.76,28.45,15.11
Costco,20,86.92,6.66,6.12
Ross,13,212.2,6.2,13.38
Ross,11,226.57,5.5,28.66
Starbucks,12,410.57,51.0,25.42
Ross,19,232.57,41.49,22.14
Subway,8,383.85,42.1,18.14
Home Depot,19,405.29,11.52,21.74
Home Depot,10,314.3,18.79,14.87
Burger King,20,118.49,21.84,9.52
Lowe's,20,215.46,26.07,17.14
Starbucks,6,87.84,21.88,4.1
Subway,15,83.78,21.81,4.51
Ross,9,13.8,3.75,1.3
Target,16,432.92,65.98,26.38
Subway,1,248.13,10.23,16.82
Walmart,10,313.57,90.24,16.23
Walmart,8,426.73,77.98,22.08
Starbucks,19,401.94,24.06,23.63
Home Depot,19,413.13,107.71,44.44
Lowe's,12,446.86,110.37,32.63
Burger King,5,20.24,3.64,1.92
Home Depot,12,158.28,6.77,22.08
Starbucks,13,356.2,63.96,37.84
Lowe's,7,347.91,51.83,42.69
Walmart,14,105.23,9.23,13.09
Costco,10,138.8,6.27,9.4
Ross,6,176.82,46.32,14.26
Ross,2,56.85,17.02,3.0
Starbucks,10,96.93,8.11,12.83
Target,4,209.76,21.04,20.68
Best Buy,9,426.05,122.81,43.59
Walmart,1,174.03,22.14,14.94
Target,19,401.63,14.38,35.7
KFC,3,298.33,78.08,30.18
Best Buy,12,444.51,107.55,21.91
Walmart,5,196.3,21.5,9.23
Target,17,298.28,82.27,29.02
Subway,13,271.84,74.45,12.06
Subway,18,100.56,9.74,9.58
Ross,2,439.28,10.94,22.82
Target,7,440.75,75.38,41.86
Home Depot,7,172.5,5.33,20.49
Ross,9,121.65,23.99,14.39
McDonalds,13,220.44,56.71,8.37
Best Buy,9,212.24,50.13,23.69
Costco,20,184.66,48.84,18.52
Starbucks,17,120.57,20.95,10.62
Subway,4,136.38,26.22,14.12
Costco,11,168.66,31.45,20.14
Costco,8,437.98,39.81,42.63
Costco,13,242.69,66.0,12.81
McDonalds,5,24.6,4.21,1.97
Best Buy,18,121.39,31.65,6.44
Costco,11,91.47,8.11,7.91
McDonalds,16,134.62,19.34,15.04
KFC,6,303.34,75.74,20.57
Home Depot,9,198.34,7.79,20.89
Lowe's,4,400.01,73.03,27.64
Subway,9,8.66,1.16,1.1
McDonalds,13,116.25,20.2,5.04
Walmart,14,464.09,104.68,38.54
KFC,18,396.52,89.12,17.01
Subway,10,229.25,44.27,25.9
Home Depot,4,213.27,50.87,8.83
Target,2,35.93,7.05,3.39
KFC,4,312.14,69.86,12.45
KFC,17,317.05,79.35,29.82
Walmart,7,298.07,36.83,20.37
Costco,6,65.19,3.04,4.59
Lowe's,20,457.35,54.9,22.18
Best Buy,16,426.22,111.46,19.83
Burger King,15,37.85,2.59,4.46
Costco,5,219.83,44.36,16.15
Subway,7,276.95,45.9,27.66
Home Depot,5,351.77,78.26,35.8
Walmart,10,196.23,28.25,16.06
Burger King,14,169.38,32.52,14.14
Costco,10,431.07,64.86,30.76
Burger King,10,123.77,18.98,8.09
Home Depot,11,372.92,110.07,34.97
Costco,10,153.14,4.67,13.49
Best Buy,6,161.28,20.24,13.61
McDonalds,9,263.77,28.85,32.02
Subway,16,222.8,6.47,14.42
Costco,17,406.67,32.32,33.33
McDonalds,1,303.92,71.73,21.27
Target,14,403.14,45.94,27.4
Lowe's,19,297.27,80.91,11.58
Subway,18,122.11,32.96,10.92
Home Depot,5,255.29,71.51,26.15
McDonalds,3,138.35,25.74,8.41
Walmart,1,223.69,20.24,20.88
Home Depot,15,404.75,117.83,33.06
Walmart,6,328.65,0.91,29.48
Costco,11,17.92,3.64,1.37
Best Buy,8,133.16,15.06,11.02
Lowe's,16,87.03,5.64,4.96
Best Buy,17,51.88,3.39,6.16
Burger King,18,462.05,44.59,30.51
Subway,2,162.73,32.91,10.11
Costco,20,294.77,70.95,13.6
Walmart,16,180.42,23.54,10.56
Burger King,17,92.31,4.44,10.98
Burger King,7,153.86,43.86,11.87
Walmart,8,16.76,3.87,1.51
Target,9,230.13,65.84,18.26
Starbucks,17,168.85,18.97,9.45
KFC,15,270.67,66.87,12.17
Ross,6,172.29,11.21,12.1
Target,12,130.69,34.29,4.92
Costco,14,332.33,92.93,25.75
Burger King,14,232.43,5.17,13.63
Lowe's,5,194.03,10.75,25.07
Walmart,12,215.74,18.3,11.52
KFC,19,224.53,61.91,22.99
Subway,7,282.34,67.42,24.91
Walmart,8,225.02,48.83,17.74
Ross,18,272.24,58.75,30.47
Best Buy,7,136.27,20.99,13.78
Starbucks,13,70.05,4.05,5.28
